CountryCode,Conference,Year,Delegates
AFG,COP1,1995,0
ALB,COP1,1995,0
DZA,COP1,1995,9
AGO,COP1,1995,0
ATG,COP1,1995,4
ARG,COP1,1995,9
ARM,COP1,1995,3
AUS,COP1,1995,30
AUT,COP1,1995,17
AZE,COP1,1995,0
BHS,COP1,1995,1
BHR,COP1,1995,5
BGD,COP1,1995,3
BRB,COP1,1995,1
BLR,COP1,1995,0
BEL,COP1,1995,0
BLZ,COP1,1995,1
BEN,COP1,1995,4
BTN,COP1,1995,0
BOL,COP1,1995,3
BIH,COP1,1995,0
BWA,COP1,1995,2
BRA,COP1,1995,9
BRN,COP1,1995,0
BGR,COP1,1995,0
BFA,COP1,1995,3
BDI,COP1,1995,0
CPV,COP1,1995,0
KHM,COP1,1995,0
CMR,COP1,1995,1
CAN,COP1,1995,25
CAF,COP1,1995,0
TCD,COP1,1995,8
CHL,COP1,1995,4
CHN,COP1,1995,19
COL,COP1,1995,0
COM,COP1,1995,2
COG,COP1,1995,0
COK,COP1,1995,1
CRI,COP1,1995,6
CIV,COP1,1995,5
HRV,COP1,1995,0
CUB,COP1,1995,4
CYP,COP1,1995,0
CZE,COP1,1995,11
ZAR,COP1,1995,0
DNK,COP1,1995,14
DJI,COP1,1995,0
DMA,COP1,1995,1
DOM,COP1,1995,0
ECU,COP1,1995,2
EGY,COP1,1995,5
SLV,COP1,1995,0
GNQ,COP1,1995,0
ERI,COP1,1995,0
EST,COP1,1995,3
ETH,COP1,1995,2
FJI,COP1,1995,3
FIN,COP1,1995,13
FRA,COP1,1995,14
GAB,COP1,1995,0
GMB,COP1,1995,3
GEO,COP1,1995,2
DEU,COP1,1995,82
GHA,COP1,1995,0
GRC,COP1,1995,11
GRD,COP1,1995,2
GTM,COP1,1995,0
GIN,COP1,1995,5
GNB,COP1,1995,0
GUY,COP1,1995,1
HTI,COP1,1995,0
HND,COP1,1995,0
HUN,COP1,1995,5
ISL,COP1,1995,1
IND,COP1,1995,5
IDN,COP1,1995,17
IRN,COP1,1995,0
IRQ,COP1,1995,0
IRL,COP1,1995,7
ISR,COP1,1995,0
ITA,COP1,1995,14
JAM,COP1,1995,1
JPN,COP1,1995,25
JOR,COP1,1995,1
KAZ,COP1,1995,0
KEN,COP1,1995,2
KIR,COP1,1995,0
KWT,COP1,1995,10
KGZ,COP1,1995,0
LAO,COP1,1995,2
LVA,COP1,1995,0
LBN,COP1,1995,1
LSO,COP1,1995,0
LBR,COP1,1995,0
LBY,COP1,1995,0
LIE,COP1,1995,0
LTU,COP1,1995,0
LUX,COP1,1995,3
MKD,COP1,1995,0
MDG,COP1,1995,0
MWI,COP1,1995,3
MYS,COP1,1995,5
MDV,COP1,1995,3
MLI,COP1,1995,1
MLT,COP1,1995,4
MHL,COP1,1995,3
MRT,COP1,1995,4
MUS,COP1,1995,3
MEX,COP1,1995,8
FSM,COP1,1995,5
MCO,COP1,1995,1
MNG,COP1,1995,2
MNE,COP1,1995,0
MAR,COP1,1995,0
MOZ,COP1,1995,0
MMR,COP1,1995,4
NAM,COP1,1995,0
NRU,COP1,1995,2
NPL,COP1,1995,2
NLD,COP1,1995,24
NZL,COP1,1995,11
NIC,COP1,1995,0
NER,COP1,1995,1
NGA,COP1,1995,15
NOR,COP1,1995,14
OMN,COP1,1995,0
PAK,COP1,1995,1
PLW,COP1,1995,0
PAN,COP1,1995,0
PNG,COP1,1995,5
PRY,COP1,1995,1
PER,COP1,1995,3
PHL,COP1,1995,13
POL,COP1,1995,14
PRT,COP1,1995,9
QAT,COP1,1995,0
KOR,COP1,1995,19
MDA,COP1,1995,0
ROM,COP1,1995,5
RUS,COP1,1995,14
RWA,COP1,1995,0
KNA,COP1,1995,2
LCA,COP1,1995,1
VCT,COP1,1995,0
WSM,COP1,1995,2
SMR,COP1,1995,0
STP,COP1,1995,0
SAU,COP1,1995,13
SEN,COP1,1995,8
SCG,COP1,1995,0
SYC,COP1,1995,2
SLE,COP1,1995,0
SGP,COP1,1995,0
SVK,COP1,1995,9
SVN,COP1,1995,0
SLB,COP1,1995,2
SOM,COP1,1995,0
ZAF,COP1,1995,0
ESP,COP1,1995,16
LKA,COP1,1995,3
SDN,COP1,1995,2
SUR,COP1,1995,0
SWZ,COP1,1995,0
SWE,COP1,1995,11
CHE,COP1,1995,16
SYR,COP1,1995,0
TJK,COP1,1995,0
THA,COP1,1995,13
TMP,COP1,1995,0
TGO,COP1,1995,0
TON,COP1,1995,0
TTO,COP1,1995,2
TUN,COP1,1995,6
TUR,COP1,1995,0
TKM,COP1,1995,0
TUV,COP1,1995,4
UGA,COP1,1995,5
UKR,COP1,1995,0
ARE,COP1,1995,0
GBR,COP1,1995,24
TZA,COP1,1995,0
USA,COP1,1995,27
URY,COP1,1995,3
UZB,COP1,1995,5
VUT,COP1,1995,3
VEN,COP1,1995,9
VNM,COP1,1995,3
YEM,COP1,1995,0
ZMB,COP1,1995,5
ZWE,COP1,1995,3
AFG,COP10,2004,0
ALB,COP10,2004,1
DZA,COP10,2004,13
AGO,COP10,2004,10
ATG,COP10,2004,2
ARG,COP10,2004,76
ARM,COP10,2004,2
AUS,COP10,2004,26
AUT,COP10,2004,26
AZE,COP10,2004,4
BHS,COP10,2004,1
BHR,COP10,2004,0
BGD,COP10,2004,10
BRB,COP10,2004,3
BLR,COP10,2004,3
BEL,COP10,2004,29
BLZ,COP10,2004,3
BEN,COP10,2004,3
BTN,COP10,2004,3
BOL,COP10,2004,7
BIH,COP10,2004,5
BWA,COP10,2004,0
BRA,COP10,2004,207
BRN,COP10,2004,0
BGR,COP10,2004,8
BFA,COP10,2004,2
BDI,COP10,2004,1
CPV,COP10,2004,0
KHM,COP10,2004,1
CMR,COP10,2004,3
CAN,COP10,2004,70
CAF,COP10,2004,2
TCD,COP10,2004,1
CHL,COP10,2004,39
CHN,COP10,2004,37
COL,COP10,2004,12
COM,COP10,2004,1
COG,COP10,2004,6
COK,COP10,2004,3
CRI,COP10,2004,9
CIV,COP10,2004,3
HRV,COP10,2004,8
CUB,COP10,2004,4
CYP,COP10,2004,2
CZE,COP10,2004,7
ZAR,COP10,2004,6
DNK,COP10,2004,26
DJI,COP10,2004,2
DMA,COP10,2004,0
DOM,COP10,2004,2
ECU,COP10,2004,8
EGY,COP10,2004,8
SLV,COP10,2004,4
GNQ,COP10,2004,0
ERI,COP10,2004,0
EST,COP10,2004,3
ETH,COP10,2004,2
FJI,COP10,2004,3
FIN,COP10,2004,34
FRA,COP10,2004,50
GAB,COP10,2004,3
GMB,COP10,2004,3
GEO,COP10,2004,5
DEU,COP10,2004,46
GHA,COP10,2004,8
GRC,COP10,2004,7
GRD,COP10,2004,1
GTM,COP10,2004,8
GIN,COP10,2004,1
GNB,COP10,2004,1
GUY,COP10,2004,0
HTI,COP10,2004,5
HND,COP10,2004,2
HUN,COP10,2004,5
ISL,COP10,2004,6
IND,COP10,2004,16
IDN,COP10,2004,30
IRN,COP10,2004,12
IRQ,COP10,2004,0
IRL,COP10,2004,16
ISR,COP10,2004,23
ITA,COP10,2004,62
JAM,COP10,2004,2
JPN,COP10,2004,82
JOR,COP10,2004,4
KAZ,COP10,2004,4
KEN,COP10,2004,11
KIR,COP10,2004,5
KWT,COP10,2004,7
KGZ,COP10,2004,3
LAO,COP10,2004,3
LVA,COP10,2004,3
LBN,COP10,2004,0
LSO,COP10,2004,1
LBR,COP10,2004,1
LBY,COP10,2004,8
LIE,COP10,2004,1
LTU,COP10,2004,4
LUX,COP10,2004,12
MKD,COP10,2004,0
MDG,COP10,2004,1
MWI,COP10,2004,2
MYS,COP10,2004,17
MDV,COP10,2004,3
MLI,COP10,2004,3
MLT,COP10,2004,3
MHL,COP10,2004,1
MRT,COP10,2004,1
MUS,COP10,2004,1
MEX,COP10,2004,30
FSM,COP10,2004,8
MCO,COP10,2004,0
MNG,COP10,2004,2
MNE,COP10,2004,0
MAR,COP10,2004,10
MOZ,COP10,2004,7
MMR,COP10,2004,0
NAM,COP10,2004,8
NRU,COP10,2004,0
NPL,COP10,2004,3
NLD,COP10,2004,60
NZL,COP10,2004,22
NIC,COP10,2004,2
NER,COP10,2004,2
NGA,COP10,2004,18
NOR,COP10,2004,30
OMN,COP10,2004,2
PAK,COP10,2004,8
PLW,COP10,2004,0
PAN,COP10,2004,25
PNG,COP10,2004,0
PRY,COP10,2004,24
PER,COP10,2004,28
PHL,COP10,2004,10
POL,COP10,2004,5
PRT,COP10,2004,18
QAT,COP10,2004,9
KOR,COP10,2004,50
MDA,COP10,2004,0
ROM,COP10,2004,9
RUS,COP10,2004,33
RWA,COP10,2004,1
KNA,COP10,2004,1
LCA,COP10,2004,1
VCT,COP10,2004,0
WSM,COP10,2004,6
SMR,COP10,2004,0
STP,COP10,2004,0
SAU,COP10,2004,21
SEN,COP10,2004,4
SCG,COP10,2004,6
SYC,COP10,2004,1
SLE,COP10,2004,3
SGP,COP10,2004,7
SVK,COP10,2004,3
SVN,COP10,2004,4
SLB,COP10,2004,2
SOM,COP10,2004,0
ZAF,COP10,2004,27
ESP,COP10,2004,48
LKA,COP10,2004,3
SDN,COP10,2004,4
SUR,COP10,2004,2
SWZ,COP10,2004,1
SWE,COP10,2004,32
CHE,COP10,2004,18
SYR,COP10,2004,3
TJK,COP10,2004,0
THA,COP10,2004,17
TMP,COP10,2004,0
TGO,COP10,2004,1
TON,COP10,2004,0
TTO,COP10,2004,3
TUN,COP10,2004,6
TUR,COP10,2004,11
TKM,COP10,2004,1
TUV,COP10,2004,4
UGA,COP10,2004,3
UKR,COP10,2004,14
ARE,COP10,2004,9
GBR,COP10,2004,47
TZA,COP10,2004,6
USA,COP10,2004,112
URY,COP10,2004,15
UZB,COP10,2004,2
VUT,COP10,2004,2
VEN,COP10,2004,7
VNM,COP10,2004,2
YEM,COP10,2004,1
ZMB,COP10,2004,0
ZWE,COP10,2004,2
AFG,COP11,2005,4
ALB,COP11,2005,3
DZA,COP11,2005,9
AGO,COP11,2005,8
ATG,COP11,2005,4
ARG,COP11,2005,26
ARM,COP11,2005,2
AUS,COP11,2005,27
AUT,COP11,2005,34
AZE,COP11,2005,7
BHS,COP11,2005,5
BHR,COP11,2005,2
BGD,COP11,2005,12
BRB,COP11,2005,6
BLR,COP11,2005,8
BEL,COP11,2005,45
BLZ,COP11,2005,4
BEN,COP11,2005,4
BTN,COP11,2005,8
BOL,COP11,2005,10
BIH,COP11,2005,3
BWA,COP11,2005,6
BRA,COP11,2005,139
BRN,COP11,2005,0
BGR,COP11,2005,7
BFA,COP11,2005,3
BDI,COP11,2005,3
CPV,COP11,2005,1
KHM,COP11,2005,2
CMR,COP11,2005,4
CAN,COP11,2005,325
CAF,COP11,2005,3
TCD,COP11,2005,1
CHL,COP11,2005,19
CHN,COP11,2005,43
COL,COP11,2005,8
COM,COP11,2005,1
COG,COP11,2005,10
COK,COP11,2005,6
CRI,COP11,2005,18
CIV,COP11,2005,5
HRV,COP11,2005,6
CUB,COP11,2005,8
CYP,COP11,2005,3
CZE,COP11,2005,9
ZAR,COP11,2005,7
DNK,COP11,2005,34
DJI,COP11,2005,2
DMA,COP11,2005,2
DOM,COP11,2005,5
ECU,COP11,2005,8
EGY,COP11,2005,11
SLV,COP11,2005,5
GNQ,COP11,2005,0
ERI,COP11,2005,0
EST,COP11,2005,7
ETH,COP11,2005,2
FJI,COP11,2005,3
FIN,COP11,2005,40
FRA,COP11,2005,61
GAB,COP11,2005,7
GMB,COP11,2005,4
GEO,COP11,2005,5
DEU,COP11,2005,47
GHA,COP11,2005,12
GRC,COP11,2005,11
GRD,COP11,2005,2
GTM,COP11,2005,19
GIN,COP11,2005,5
GNB,COP11,2005,3
GUY,COP11,2005,2
HTI,COP11,2005,2
HND,COP11,2005,5
HUN,COP11,2005,10
ISL,COP11,2005,8
IND,COP11,2005,15
IDN,COP11,2005,36
IRN,COP11,2005,12
IRQ,COP11,2005,0
IRL,COP11,2005,22
ISR,COP11,2005,6
ITA,COP11,2005,62
JAM,COP11,2005,8
JPN,COP11,2005,71
JOR,COP11,2005,6
KAZ,COP11,2005,6
KEN,COP11,2005,11
KIR,COP11,2005,1
KWT,COP11,2005,10
KGZ,COP11,2005,2
LAO,COP11,2005,3
LVA,COP11,2005,8
LBN,COP11,2005,0
LSO,COP11,2005,3
LBR,COP11,2005,2
LBY,COP11,2005,7
LIE,COP11,2005,1
LTU,COP11,2005,5
LUX,COP11,2005,7
MKD,COP11,2005,4
MDG,COP11,2005,4
MWI,COP11,2005,11
MYS,COP11,2005,17
MDV,COP11,2005,4
MLI,COP11,2005,7
MLT,COP11,2005,3
MHL,COP11,2005,1
MRT,COP11,2005,7
MUS,COP11,2005,2
MEX,COP11,2005,75
FSM,COP11,2005,7
MCO,COP11,2005,4
MNG,COP11,2005,3
MNE,COP11,2005,0
MAR,COP11,2005,23
MOZ,COP11,2005,6
MMR,COP11,2005,1
NAM,COP11,2005,6
NRU,COP11,2005,0
NPL,COP11,2005,4
NLD,COP11,2005,33
NZL,COP11,2005,29
NIC,COP11,2005,4
NER,COP11,2005,5
NGA,COP11,2005,12
NOR,COP11,2005,30
OMN,COP11,2005,2
PAK,COP11,2005,7
PLW,COP11,2005,2
PAN,COP11,2005,46
PNG,COP11,2005,15
PRY,COP11,2005,14
PER,COP11,2005,18
PHL,COP11,2005,17
POL,COP11,2005,17
PRT,COP11,2005,16
QAT,COP11,2005,5
KOR,COP11,2005,86
MDA,COP11,2005,2
ROM,COP11,2005,9
RUS,COP11,2005,56
RWA,COP11,2005,5
KNA,COP11,2005,2
LCA,COP11,2005,2
VCT,COP11,2005,1
WSM,COP11,2005,7
SMR,COP11,2005,0
STP,COP11,2005,4
SAU,COP11,2005,19
SEN,COP11,2005,22
SCG,COP11,2005,7
SYC,COP11,2005,2
SLE,COP11,2005,5
SGP,COP11,2005,12
SVK,COP11,2005,5
SVN,COP11,2005,6
SLB,COP11,2005,4
SOM,COP11,2005,0
ZAF,COP11,2005,53
ESP,COP11,2005,50
LKA,COP11,2005,5
SDN,COP11,2005,12
SUR,COP11,2005,0
SWZ,COP11,2005,1
SWE,COP11,2005,38
CHE,COP11,2005,16
SYR,COP11,2005,4
TJK,COP11,2005,3
THA,COP11,2005,27
TMP,COP11,2005,0
TGO,COP11,2005,5
TON,COP11,2005,0
TTO,COP11,2005,3
TUN,COP11,2005,14
TUR,COP11,2005,23
TKM,COP11,2005,1
TUV,COP11,2005,3
UGA,COP11,2005,10
UKR,COP11,2005,12
ARE,COP11,2005,13
GBR,COP11,2005,52
TZA,COP11,2005,16
USA,COP11,2005,76
URY,COP11,2005,5
UZB,COP11,2005,1
VUT,COP11,2005,1
VEN,COP11,2005,14
VNM,COP11,2005,3
YEM,COP11,2005,4
ZMB,COP11,2005,7
ZWE,COP11,2005,2
AFG,COP12,2006,0
ALB,COP12,2006,2
DZA,COP12,2006,7
AGO,COP12,2006,5
ATG,COP12,2006,3
ARG,COP12,2006,12
ARM,COP12,2006,2
AUS,COP12,2006,22
AUT,COP12,2006,20
AZE,COP12,2006,2
BHS,COP12,2006,1
BHR,COP12,2006,0
BGD,COP12,2006,12
BRB,COP12,2006,2
BLR,COP12,2006,7
BEL,COP12,2006,37
BLZ,COP12,2006,1
BEN,COP12,2006,2
BTN,COP12,2006,4
BOL,COP12,2006,3
BIH,COP12,2006,1
BWA,COP12,2006,11
BRA,COP12,2006,116
BRN,COP12,2006,0
BGR,COP12,2006,2
BFA,COP12,2006,6
BDI,COP12,2006,5
CPV,COP12,2006,4
KHM,COP12,2006,2
CMR,COP12,2006,2
CAN,COP12,2006,55
CAF,COP12,2006,4
TCD,COP12,2006,1
CHL,COP12,2006,8
CHN,COP12,2006,34
COL,COP12,2006,7
COM,COP12,2006,2
COG,COP12,2006,10
COK,COP12,2006,5
CRI,COP12,2006,4
CIV,COP12,2006,4
HRV,COP12,2006,7
CUB,COP12,2006,3
CYP,COP12,2006,2
CZE,COP12,2006,12
ZAR,COP12,2006,12
DNK,COP12,2006,41
DJI,COP12,2006,3
DMA,COP12,2006,2
DOM,COP12,2006,3
ECU,COP12,2006,4
EGY,COP12,2006,13
SLV,COP12,2006,1
GNQ,COP12,2006,0
ERI,COP12,2006,1
EST,COP12,2006,6
ETH,COP12,2006,3
FJI,COP12,2006,2
FIN,COP12,2006,67
FRA,COP12,2006,38
GAB,COP12,2006,12
GMB,COP12,2006,5
GEO,COP12,2006,3
DEU,COP12,2006,52
GHA,COP12,2006,8
GRC,COP12,2006,6
GRD,COP12,2006,2
GTM,COP12,2006,7
GIN,COP12,2006,6
GNB,COP12,2006,4
GUY,COP12,2006,1
HTI,COP12,2006,2
HND,COP12,2006,1
HUN,COP12,2006,7
ISL,COP12,2006,7
IND,COP12,2006,18
IDN,COP12,2006,52
IRN,COP12,2006,20
IRQ,COP12,2006,0
IRL,COP12,2006,14
ISR,COP12,2006,4
ITA,COP12,2006,41
JAM,COP12,2006,5
JPN,COP12,2006,61
JOR,COP12,2006,3
KAZ,COP12,2006,8
KEN,COP12,2006,273
KIR,COP12,2006,2
KWT,COP12,2006,12
KGZ,COP12,2006,3
LAO,COP12,2006,2
LVA,COP12,2006,8
LBN,COP12,2006,1
LSO,COP12,2006,2
LBR,COP12,2006,3
LBY,COP12,2006,7
LIE,COP12,2006,1
LTU,COP12,2006,3
LUX,COP12,2006,6
MKD,COP12,2006,2
MDG,COP12,2006,2
MWI,COP12,2006,11
MYS,COP12,2006,15
MDV,COP12,2006,5
MLI,COP12,2006,5
MLT,COP12,2006,1
MHL,COP12,2006,1
MRT,COP12,2006,2
MUS,COP12,2006,4
MEX,COP12,2006,27
FSM,COP12,2006,5
MCO,COP12,2006,1
MNG,COP12,2006,1
MNE,COP12,2006,0
MAR,COP12,2006,11
MOZ,COP12,2006,11
MMR,COP12,2006,0
NAM,COP12,2006,6
NRU,COP12,2006,0
NPL,COP12,2006,5
NLD,COP12,2006,21
NZL,COP12,2006,13
NIC,COP12,2006,2
NER,COP12,2006,3
NGA,COP12,2006,11
NOR,COP12,2006,28
OMN,COP12,2006,2
PAK,COP12,2006,6
PLW,COP12,2006,1
PAN,COP12,2006,6
PNG,COP12,2006,18
PRY,COP12,2006,2
PER,COP12,2006,12
PHL,COP12,2006,9
POL,COP12,2006,39
PRT,COP12,2006,12
QAT,COP12,2006,6
KOR,COP12,2006,58
MDA,COP12,2006,4
ROM,COP12,2006,2
RUS,COP12,2006,33
RWA,COP12,2006,5
KNA,COP12,2006,2
LCA,COP12,2006,3
VCT,COP12,2006,1
WSM,COP12,2006,3
SMR,COP12,2006,0
STP,COP12,2006,3
SAU,COP12,2006,19
SEN,COP12,2006,22
SRB,COP12,2006,8
SYC,COP12,2006,2
SLE,COP12,2006,2
SGP,COP12,2006,12
SVK,COP12,2006,8
SVN,COP12,2006,5
SLB,COP12,2006,4
SOM,COP12,2006,0
ZAF,COP12,2006,49
ESP,COP12,2006,36
LKA,COP12,2006,5
SDN,COP12,2006,13
SUR,COP12,2006,0
SWZ,COP12,2006,1
SWE,COP12,2006,28
CHE,COP12,2006,20
SYR,COP12,2006,1
TJK,COP12,2006,5
THA,COP12,2006,15
TMP,COP12,2006,0
TGO,COP12,2006,7
TON,COP12,2006,0
TTO,COP12,2006,2
TUN,COP12,2006,11
TUR,COP12,2006,15
TKM,COP12,2006,1
TUV,COP12,2006,6
UGA,COP12,2006,14
UKR,COP12,2006,17
ARE,COP12,2006,10
GBR,COP12,2006,56
TZA,COP12,2006,30
USA,COP12,2006,47
URY,COP12,2006,2
UZB,COP12,2006,1
VUT,COP12,2006,2
VEN,COP12,2006,8
VNM,COP12,2006,4
YEM,COP12,2006,6
ZMB,COP12,2006,18
ZWE,COP12,2006,6
AFG,COP13,2007,1
ALB,COP13,2007,4
DZA,COP13,2007,11
AGO,COP13,2007,19
ATG,COP13,2007,5
ARG,COP13,2007,10
ARM,COP13,2007,3
AUS,COP13,2007,75
AUT,COP13,2007,31
AZE,COP13,2007,1
BHS,COP13,2007,5
BHR,COP13,2007,1
BGD,COP13,2007,29
BRB,COP13,2007,7
BLR,COP13,2007,8
BEL,COP13,2007,35
BLZ,COP13,2007,6
BEN,COP13,2007,7
BTN,COP13,2007,6
BOL,COP13,2007,5
BIH,COP13,2007,1
BWA,COP13,2007,14
BRA,COP13,2007,193
BRN,COP13,2007,16
BGR,COP13,2007,9
BFA,COP13,2007,4
BDI,COP13,2007,2
CPV,COP13,2007,4
KHM,COP13,2007,5
CMR,COP13,2007,2
CAN,COP13,2007,60
CAF,COP13,2007,2
TCD,COP13,2007,4
CHL,COP13,2007,12
CHN,COP13,2007,44
COL,COP13,2007,23
COM,COP13,2007,3
COG,COP13,2007,5
COK,COP13,2007,8
CRI,COP13,2007,15
CIV,COP13,2007,7
HRV,COP13,2007,8
CUB,COP13,2007,8
CYP,COP13,2007,2
CZE,COP13,2007,13
ZAR,COP13,2007,9
DNK,COP13,2007,81
DJI,COP13,2007,1
DMA,COP13,2007,2
DOM,COP13,2007,9
ECU,COP13,2007,12
EGY,COP13,2007,17
SLV,COP13,2007,3
GNQ,COP13,2007,2
ERI,COP13,2007,0
EST,COP13,2007,6
ETH,COP13,2007,2
FJI,COP13,2007,3
FIN,COP13,2007,40
FRA,COP13,2007,69
GAB,COP13,2007,8
GMB,COP13,2007,5
GEO,COP13,2007,5
DEU,COP13,2007,68
GHA,COP13,2007,17
GRC,COP13,2007,13
GRD,COP13,2007,5
GTM,COP13,2007,9
GIN,COP13,2007,5
GNB,COP13,2007,5
GUY,COP13,2007,6
HTI,COP13,2007,3
HND,COP13,2007,4
HUN,COP13,2007,7
ISL,COP13,2007,12
IND,COP13,2007,42
IDN,COP13,2007,93
IRN,COP13,2007,33
IRQ,COP13,2007,0
IRL,COP13,2007,54
ISR,COP13,2007,0
ITA,COP13,2007,57
JAM,COP13,2007,7
JPN,COP13,2007,78
JOR,COP13,2007,2
KAZ,COP13,2007,5
KEN,COP13,2007,22
KIR,COP13,2007,5
KWT,COP13,2007,17
KGZ,COP13,2007,3
LAO,COP13,2007,4
LVA,COP13,2007,6
LBN,COP13,2007,2
LSO,COP13,2007,5
LBR,COP13,2007,14
LBY,COP13,2007,9
LIE,COP13,2007,1
LTU,COP13,2007,5
LUX,COP13,2007,7
MKD,COP13,2007,5
MDG,COP13,2007,12
MWI,COP13,2007,17
MYS,COP13,2007,48
MDV,COP13,2007,20
MLI,COP13,2007,10
MLT,COP13,2007,3
MHL,COP13,2007,0
MRT,COP13,2007,3
MUS,COP13,2007,2
MEX,COP13,2007,35
FSM,COP13,2007,11
MCO,COP13,2007,3
MNG,COP13,2007,3
MNE,COP13,2007,2
MAR,COP13,2007,12
MOZ,COP13,2007,8
MMR,COP13,2007,2
NAM,COP13,2007,20
NRU,COP13,2007,3
NPL,COP13,2007,10
NLD,COP13,2007,33
NZL,COP13,2007,26
NIC,COP13,2007,2
NER,COP13,2007,7
NGA,COP13,2007,43
NOR,COP13,2007,54
OMN,COP13,2007,9
PAK,COP13,2007,16
PLW,COP13,2007,8
PAN,COP13,2007,9
PNG,COP13,2007,48
PRY,COP13,2007,10
PER,COP13,2007,18
PHL,COP13,2007,86
POL,COP13,2007,35
PRT,COP13,2007,53
QAT,COP13,2007,12
KOR,COP13,2007,81
MDA,COP13,2007,1
ROM,COP13,2007,10
RUS,COP13,2007,45
RWA,COP13,2007,3
KNA,COP13,2007,2
LCA,COP13,2007,2
VCT,COP13,2007,1
WSM,COP13,2007,11
SMR,COP13,2007,0
STP,COP13,2007,6
SAU,COP13,2007,25
SEN,COP13,2007,7
SRB,COP13,2007,13
SYC,COP13,2007,9
SLE,COP13,2007,4
SGP,COP13,2007,61
SVK,COP13,2007,6
SVN,COP13,2007,15
SLB,COP13,2007,14
SOM,COP13,2007,0
ZAF,COP13,2007,43
ESP,COP13,2007,45
LKA,COP13,2007,7
SDN,COP13,2007,14
SUR,COP13,2007,5
SWZ,COP13,2007,2
SWE,COP13,2007,52
CHE,COP13,2007,15
SYR,COP13,2007,3
TJK,COP13,2007,6
THA,COP13,2007,53
TMP,COP13,2007,24
TGO,COP13,2007,9
TON,COP13,2007,8
TTO,COP13,2007,3
TUN,COP13,2007,18
TUR,COP13,2007,24
TKM,COP13,2007,1
TUV,COP13,2007,10
UGA,COP13,2007,20
UKR,COP13,2007,24
ARE,COP13,2007,17
GBR,COP13,2007,62
TZA,COP13,2007,30
USA,COP13,2007,136
URY,COP13,2007,3
UZB,COP13,2007,1
VUT,COP13,2007,4
VEN,COP13,2007,16
VNM,COP13,2007,7
YEM,COP13,2007,7
ZMB,COP13,2007,22
ZWE,COP13,2007,4
AFG,COP14,2008,2
ALB,COP14,2008,6
DZA,COP14,2008,26
AGO,COP14,2008,8
ATG,COP14,2008,6
ARG,COP14,2008,10
ARM,COP14,2008,2
AUS,COP14,2008,40
AUT,COP14,2008,34
AZE,COP14,2008,3
BHS,COP14,2008,4
BHR,COP14,2008,0
BGD,COP14,2008,18
BRB,COP14,2008,5
BLR,COP14,2008,7
BEL,COP14,2008,46
BLZ,COP14,2008,3
BEN,COP14,2008,8
BTN,COP14,2008,6
BOL,COP14,2008,8
BIH,COP14,2008,4
BWA,COP14,2008,7
BRA,COP14,2008,162
BRN,COP14,2008,3
BGR,COP14,2008,4
BFA,COP14,2008,6
BDI,COP14,2008,0
CPV,COP14,2008,4
KHM,COP14,2008,6
CMR,COP14,2008,4
CAN,COP14,2008,46
CAF,COP14,2008,2
TCD,COP14,2008,3
CHL,COP14,2008,9
CHN,COP14,2008,53
COL,COP14,2008,7
COM,COP14,2008,1
COG,COP14,2008,2
COK,COP14,2008,7
CRI,COP14,2008,10
CIV,COP14,2008,1
HRV,COP14,2008,7
CUB,COP14,2008,6
CYP,COP14,2008,6
CZE,COP14,2008,37
ZAR,COP14,2008,38
DNK,COP14,2008,206
DJI,COP14,2008,2
DMA,COP14,2008,3
DOM,COP14,2008,3
ECU,COP14,2008,17
EGY,COP14,2008,18
SLV,COP14,2008,7
GNQ,COP14,2008,2
ERI,COP14,2008,2
EST,COP14,2008,5
ETH,COP14,2008,4
FJI,COP14,2008,2
FIN,COP14,2008,53
FRA,COP14,2008,162
GAB,COP14,2008,12
GMB,COP14,2008,4
GEO,COP14,2008,7
DEU,COP14,2008,116
GHA,COP14,2008,11
GRC,COP14,2008,24
GRD,COP14,2008,3
GTM,COP14,2008,32
GIN,COP14,2008,5
GNB,COP14,2008,3
GUY,COP14,2008,5
HTI,COP14,2008,2
HND,COP14,2008,5
HUN,COP14,2008,11
ISL,COP14,2008,10
IND,COP14,2008,25
IDN,COP14,2008,123
IRN,COP14,2008,27
IRQ,COP14,2008,0
IRL,COP14,2008,34
ISR,COP14,2008,29
ITA,COP14,2008,50
JAM,COP14,2008,3
JPN,COP14,2008,85
JOR,COP14,2008,2
KAZ,COP14,2008,15
KEN,COP14,2008,24
KIR,COP14,2008,3
KWT,COP14,2008,14
KGZ,COP14,2008,3
LAO,COP14,2008,9
LVA,COP14,2008,7
LBN,COP14,2008,2
LSO,COP14,2008,5
LBR,COP14,2008,13
LBY,COP14,2008,3
LIE,COP14,2008,3
LTU,COP14,2008,10
LUX,COP14,2008,3
MKD,COP14,2008,6
MDG,COP14,2008,22
MWI,COP14,2008,14
MYS,COP14,2008,27
MDV,COP14,2008,6
MLI,COP14,2008,12
MLT,COP14,2008,6
MHL,COP14,2008,6
MRT,COP14,2008,2
MUS,COP14,2008,4
MEX,COP14,2008,32
FSM,COP14,2008,8
MCO,COP14,2008,4
MNG,COP14,2008,5
MNE,COP14,2008,3
MAR,COP14,2008,17
MOZ,COP14,2008,9
MMR,COP14,2008,2
NAM,COP14,2008,19
NRU,COP14,2008,3
NPL,COP14,2008,13
NLD,COP14,2008,49
NZL,COP14,2008,16
NIC,COP14,2008,4
NER,COP14,2008,2
NGA,COP14,2008,27
NOR,COP14,2008,69
OMN,COP14,2008,5
PAK,COP14,2008,11
PLW,COP14,2008,7
PAN,COP14,2008,17
PNG,COP14,2008,25
PRY,COP14,2008,4
PER,COP14,2008,14
PHL,COP14,2008,42
POL,COP14,2008,388
PRT,COP14,2008,26
QAT,COP14,2008,16
KOR,COP14,2008,73
MDA,COP14,2008,2
ROM,COP14,2008,7
RUS,COP14,2008,35
RWA,COP14,2008,2
KNA,COP14,2008,2
LCA,COP14,2008,2
VCT,COP14,2008,2
WSM,COP14,2008,14
SMR,COP14,2008,3
STP,COP14,2008,3
SAU,COP14,2008,18
SEN,COP14,2008,21
SRB,COP14,2008,11
SYC,COP14,2008,2
SLE,COP14,2008,2
SGP,COP14,2008,27
SVK,COP14,2008,14
SVN,COP14,2008,9
SLB,COP14,2008,5
SOM,COP14,2008,0
ZAF,COP14,2008,57
ESP,COP14,2008,65
LKA,COP14,2008,7
SDN,COP14,2008,14
SUR,COP14,2008,6
SWZ,COP14,2008,2
SWE,COP14,2008,78
CHE,COP14,2008,22
SYR,COP14,2008,4
TJK,COP14,2008,9
THA,COP14,2008,26
TMP,COP14,2008,15
TGO,COP14,2008,13
TON,COP14,2008,4
TTO,COP14,2008,2
TUN,COP14,2008,15
TUR,COP14,2008,35
TKM,COP14,2008,2
TUV,COP14,2008,8
UGA,COP14,2008,9
UKR,COP14,2008,19
ARE,COP14,2008,17
GBR,COP14,2008,51
TZA,COP14,2008,25
USA,COP14,2008,83
URY,COP14,2008,5
UZB,COP14,2008,2
VUT,COP14,2008,3
VEN,COP14,2008,13
VNM,COP14,2008,29
YEM,COP14,2008,2
ZMB,COP14,2008,19
ZWE,COP14,2008,3
AFG,COP15,2009,8
ALB,COP15,2009,16
DZA,COP15,2009,52
AGO,COP15,2009,48
ATG,COP15,2009,6
ARG,COP15,2009,17
ARM,COP15,2009,11
AUS,COP15,2009,98
AUT,COP15,2009,53
AZE,COP15,2009,15
BHS,COP15,2009,10
BHR,COP15,2009,23
BGD,COP15,2009,164
BRB,COP15,2009,6
BLR,COP15,2009,14
BEL,COP15,2009,93
BLZ,COP15,2009,13
BEN,COP15,2009,11
BTN,COP15,2009,16
BOL,COP15,2009,75
BIH,COP15,2009,24
BWA,COP15,2009,25
BRA,COP15,2009,566
BRN,COP15,2009,12
BGR,COP15,2009,15
BFA,COP15,2009,87
BDI,COP15,2009,18
CPV,COP15,2009,7
KHM,COP15,2009,23
CMR,COP15,2009,58
CAN,COP15,2009,207
CAF,COP15,2009,31
TCD,COP15,2009,39
CHL,COP15,2009,47
CHN,COP15,2009,334
COL,COP15,2009,40
COM,COP15,2009,6
COG,COP15,2009,84
COK,COP15,2009,15
CRI,COP15,2009,39
CIV,COP15,2009,44
HRV,COP15,2009,22
CUB,COP15,2009,27
CYP,COP15,2009,29
CZE,COP15,2009,53
ZAR,COP15,2009,94
DNK,COP15,2009,528
DJI,COP15,2009,11
DMA,COP15,2009,5
DOM,COP15,2009,25
ECU,COP15,2009,36
EGY,COP15,2009,44
SLV,COP15,2009,5
GNQ,COP15,2009,17
ERI,COP15,2009,12
EST,COP15,2009,22
ETH,COP15,2009,47
FJI,COP15,2009,19
FIN,COP15,2009,74
FRA,COP15,2009,274
GAB,COP15,2009,44
GMB,COP15,2009,24
GEO,COP15,2009,33
DEU,COP15,2009,128
GHA,COP15,2009,60
GRC,COP15,2009,80
GRD,COP15,2009,18
GTM,COP15,2009,45
GIN,COP15,2009,24
GNB,COP15,2009,12
GUY,COP15,2009,16
HTI,COP15,2009,8
HND,COP15,2009,3
HUN,COP15,2009,32
ISL,COP15,2009,28
IND,COP15,2009,77
IDN,COP15,2009,303
IRN,COP15,2009,99
IRQ,COP15,2009,22
IRL,COP15,2009,46
ISR,COP15,2009,88
ITA,COP15,2009,61
JAM,COP15,2009,12
JPN,COP15,2009,176
JOR,COP15,2009,22
KAZ,COP15,2009,34
KEN,COP15,2009,148
KIR,COP15,2009,22
KWT,COP15,2009,50
KGZ,COP15,2009,7
LAO,COP15,2009,20
LVA,COP15,2009,29
LBN,COP15,2009,62
LSO,COP15,2009,32
LBR,COP15,2009,39
LBY,COP15,2009,6
LIE,COP15,2009,5
LTU,COP15,2009,33
LUX,COP15,2009,28
MKD,COP15,2009,22
MDG,COP15,2009,31
MWI,COP15,2009,53
MYS,COP15,2009,108
MDV,COP15,2009,32
MLI,COP15,2009,83
MLT,COP15,2009,18
MHL,COP15,2009,14
MRT,COP15,2009,40
MUS,COP15,2009,13
MEX,COP15,2009,30
FSM,COP15,2009,15
MCO,COP15,2009,16
MNG,COP15,2009,28
MNE,COP15,2009,24
MAR,COP15,2009,60
MOZ,COP15,2009,28
MMR,COP15,2009,9
NAM,COP15,2009,48
NRU,COP15,2009,13
NPL,COP15,2009,94
NLD,COP15,2009,76
NZL,COP15,2009,32
NIC,COP15,2009,14
NER,COP15,2009,25
NGA,COP15,2009,222
NOR,COP15,2009,171
OMN,COP15,2009,20
PAK,COP15,2009,41
PLW,COP15,2009,13
PAN,COP15,2009,12
PNG,COP15,2009,82
PRY,COP15,2009,36
PER,COP15,2009,34
PHL,COP15,2009,112
POL,COP15,2009,81
PRT,COP15,2009,54
QAT,COP15,2009,17
KOR,COP15,2009,261
MDA,COP15,2009,7
ROM,COP15,2009,64
RUS,COP15,2009,119
RWA,COP15,2009,13
KNA,COP15,2009,9
LCA,COP15,2009,11
VCT,COP15,2009,9
WSM,COP15,2009,18
SMR,COP15,2009,5
STP,COP15,2009,5
SAU,COP15,2009,20
SEN,COP15,2009,101
SRB,COP15,2009,23
SYC,COP15,2009,10
SLE,COP15,2009,12
SGP,COP15,2009,59
SVK,COP15,2009,29
SVN,COP15,2009,28
SLB,COP15,2009,26
SOM,COP15,2009,3
ZAF,COP15,2009,112
ESP,COP15,2009,162
LKA,COP15,2009,10
SDN,COP15,2009,41
SUR,COP15,2009,21
SWZ,COP15,2009,30
SWE,COP15,2009,207
CHE,COP15,2009,37
SYR,COP15,2009,5
TJK,COP15,2009,35
THA,COP15,2009,72
TMP,COP15,2009,12
TGO,COP15,2009,34
TON,COP15,2009,7
TTO,COP15,2009,8
TUN,COP15,2009,21
TUR,COP15,2009,122
TKM,COP15,2009,3
TUV,COP15,2009,19
UGA,COP15,2009,70
UKR,COP15,2009,43
ARE,COP15,2009,34
GBR,COP15,2009,111
TZA,COP15,2009,75
USA,COP15,2009,273
URY,COP15,2009,11
UZB,COP15,2009,2
VUT,COP15,2009,10
VEN,COP15,2009,42
VNM,COP15,2009,81
YEM,COP15,2009,5
ZMB,COP15,2009,56
ZWE,COP15,2009,43
AFG,COP16,2010,2
ALB,COP16,2010,7
DZA,COP16,2010,22
AGO,COP16,2010,23
ATG,COP16,2010,3
ARG,COP16,2010,39
ARM,COP16,2010,3
AUS,COP16,2010,37
AUT,COP16,2010,28
AZE,COP16,2010,2
BHS,COP16,2010,5
BHR,COP16,2010,4
BGD,COP16,2010,68
BRB,COP16,2010,5
BLR,COP16,2010,8
BEL,COP16,2010,104
BLZ,COP16,2010,14
BEN,COP16,2010,6
BTN,COP16,2010,9
BOL,COP16,2010,40
BIH,COP16,2010,6
BWA,COP16,2010,8
BRA,COP16,2010,535
BRN,COP16,2010,12
BGR,COP16,2010,7
BFA,COP16,2010,16
BDI,COP16,2010,8
CPV,COP16,2010,5
KHM,COP16,2010,22
CMR,COP16,2010,16
CAN,COP16,2010,89
CAF,COP16,2010,21
TCD,COP16,2010,20
CHL,COP16,2010,31
CHN,COP16,2010,103
COL,COP16,2010,27
COM,COP16,2010,7
COG,COP16,2010,15
COK,COP16,2010,11
CRI,COP16,2010,40
CIV,COP16,2010,7
HRV,COP16,2010,11
CUB,COP16,2010,11
CYP,COP16,2010,6
CZE,COP16,2010,15
ZAR,COP16,2010,66
DNK,COP16,2010,56
DJI,COP16,2010,4
DMA,COP16,2010,6
DOM,COP16,2010,35
ECU,COP16,2010,104
EGY,COP16,2010,25
SLV,COP16,2010,22
GNQ,COP16,2010,0
ERI,COP16,2010,3
EST,COP16,2010,8
ETH,COP16,2010,35
FJI,COP16,2010,12
FIN,COP16,2010,32
FRA,COP16,2010,95
GAB,COP16,2010,11
GMB,COP16,2010,15
GEO,COP16,2010,24
DEU,COP16,2010,78
GHA,COP16,2010,29
GRC,COP16,2010,10
GRD,COP16,2010,21
GTM,COP16,2010,54
GIN,COP16,2010,19
GNB,COP16,2010,4
GUY,COP16,2010,11
HTI,COP16,2010,7
HND,COP16,2010,61
HUN,COP16,2010,24
ISL,COP16,2010,5
IND,COP16,2010,30
IDN,COP16,2010,68
IRN,COP16,2010,10
IRQ,COP16,2010,11
IRL,COP16,2010,18
ISR,COP16,2010,34
ITA,COP16,2010,59
JAM,COP16,2010,7
JPN,COP16,2010,108
JOR,COP16,2010,4
KAZ,COP16,2010,13
KEN,COP16,2010,54
KIR,COP16,2010,26
KWT,COP16,2010,24
KGZ,COP16,2010,5
LAO,COP16,2010,10
LVA,COP16,2010,4
LBN,COP16,2010,5
LSO,COP16,2010,10
LBR,COP16,2010,14
LBY,COP16,2010,6
LIE,COP16,2010,5
LTU,COP16,2010,6
LUX,COP16,2010,9
MKD,COP16,2010,3
MDG,COP16,2010,8
MWI,COP16,2010,32
MYS,COP16,2010,26
MDV,COP16,2010,19
MLI,COP16,2010,32
MLT,COP16,2010,4
MHL,COP16,2010,11
MRT,COP16,2010,5
MUS,COP16,2010,3
MEX,COP16,2010,88
FSM,COP16,2010,16
MCO,COP16,2010,0
MNG,COP16,2010,5
MNE,COP16,2010,10
MAR,COP16,2010,30
MOZ,COP16,2010,13
MMR,COP16,2010,1
NAM,COP16,2010,23
NRU,COP16,2010,11
NPL,COP16,2010,13
NLD,COP16,2010,37
NZL,COP16,2010,22
NIC,COP16,2010,6
NER,COP16,2010,16
NGA,COP16,2010,122
NOR,COP16,2010,85
OMN,COP16,2010,5
PAK,COP16,2010,37
PLW,COP16,2010,5
PAN,COP16,2010,41
PNG,COP16,2010,36
PRY,COP16,2010,36
PER,COP16,2010,20
PHL,COP16,2010,38
POL,COP16,2010,47
PRT,COP16,2010,19
QAT,COP16,2010,40
KOR,COP16,2010,126
MDA,COP16,2010,6
ROM,COP16,2010,15
RUS,COP16,2010,36
RWA,COP16,2010,3
KNA,COP16,2010,3
LCA,COP16,2010,9
VCT,COP16,2010,5
WSM,COP16,2010,11
SMR,COP16,2010,2
STP,COP16,2010,5
SAU,COP16,2010,19
SEN,COP16,2010,32
SRB,COP16,2010,10
SYC,COP16,2010,4
SLE,COP16,2010,9
SGP,COP16,2010,41
SVK,COP16,2010,7
SVN,COP16,2010,9
SLB,COP16,2010,7
SOM,COP16,2010,3
ZAF,COP16,2010,173
ESP,COP16,2010,38
LKA,COP16,2010,10
SDN,COP16,2010,8
SUR,COP16,2010,5
SWZ,COP16,2010,4
SWE,COP16,2010,55
CHE,COP16,2010,28
SYR,COP16,2010,4
TJK,COP16,2010,8
THA,COP16,2010,61
TMP,COP16,2010,4
TGO,COP16,2010,16
TON,COP16,2010,1
TTO,COP16,2010,8
TUN,COP16,2010,11
TUR,COP16,2010,72
TKM,COP16,2010,2
TUV,COP16,2010,16
UGA,COP16,2010,41
UKR,COP16,2010,25
ARE,COP16,2010,40
GBR,COP16,2010,46
TZA,COP16,2010,31
USA,COP16,2010,119
URY,COP16,2010,16
UZB,COP16,2010,2
VUT,COP16,2010,4
VEN,COP16,2010,18
VNM,COP16,2010,32
YEM,COP16,2010,13
ZMB,COP16,2010,31
ZWE,COP16,2010,21
AFG,COP17,2011,5
ALB,COP17,2011,3
DZA,COP17,2011,23
AGO,COP17,2011,45
ATG,COP17,2011,4
ARG,COP17,2011,38
ARM,COP17,2011,3
AUS,COP17,2011,43
AUT,COP17,2011,31
AZE,COP17,2011,2
BHS,COP17,2011,3
BHR,COP17,2011,9
BGD,COP17,2011,102
BRB,COP17,2011,5
BLR,COP17,2011,7
BEL,COP17,2011,69
BLZ,COP17,2011,16
BEN,COP17,2011,14
BTN,COP17,2011,14
BOL,COP17,2011,36
BIH,COP17,2011,6
BWA,COP17,2011,61
BRA,COP17,2011,224
BRN,COP17,2011,9
BGR,COP17,2011,7
BFA,COP17,2011,22
BDI,COP17,2011,18
CPV,COP17,2011,4
KHM,COP17,2011,23
CMR,COP17,2011,16
CAN,COP17,2011,69
CAF,COP17,2011,14
TCD,COP17,2011,50
CHL,COP17,2011,25
CHN,COP17,2011,166
COL,COP17,2011,13
COM,COP17,2011,10
COG,COP17,2011,39
COK,COP17,2011,6
CRI,COP17,2011,26
CIV,COP17,2011,15
HRV,COP17,2011,5
CUB,COP17,2011,8
CYP,COP17,2011,8
CZE,COP17,2011,9
ZAR,COP17,2011,67
DNK,COP17,2011,59
DJI,COP17,2011,3
DMA,COP17,2011,6
DOM,COP17,2011,17
ECU,COP17,2011,27
EGY,COP17,2011,11
SLV,COP17,2011,8
GNQ,COP17,2011,0
ERI,COP17,2011,8
EST,COP17,2011,5
ETH,COP17,2011,56
FJI,COP17,2011,14
FIN,COP17,2011,41
FRA,COP17,2011,106
GAB,COP17,2011,27
GMB,COP17,2011,20
GEO,COP17,2011,6
DEU,COP17,2011,77
GHA,COP17,2011,48
GRC,COP17,2011,12
GRD,COP17,2011,21
GTM,COP17,2011,18
GIN,COP17,2011,30
GNB,COP17,2011,19
GUY,COP17,2011,4
HTI,COP17,2011,7
HND,COP17,2011,18
HUN,COP17,2011,10
ISL,COP17,2011,3
IND,COP17,2011,34
IDN,COP17,2011,83
IRN,COP17,2011,15
IRQ,COP17,2011,16
IRL,COP17,2011,27
ISR,COP17,2011,24
ITA,COP17,2011,41
JAM,COP17,2011,6
JPN,COP17,2011,127
JOR,COP17,2011,2
KAZ,COP17,2011,14
KEN,COP17,2011,91
KIR,COP17,2011,8
KWT,COP17,2011,18
KGZ,COP17,2011,4
LAO,COP17,2011,15
LVA,COP17,2011,4
LBN,COP17,2011,9
LSO,COP17,2011,68
LBR,COP17,2011,11
LBY,COP17,2011,7
LIE,COP17,2011,3
LTU,COP17,2011,9
LUX,COP17,2011,7
MKD,COP17,2011,1
MDG,COP17,2011,16
MWI,COP17,2011,50
MYS,COP17,2011,31
MDV,COP17,2011,6
MLI,COP17,2011,49
MLT,COP17,2011,6
MHL,COP17,2011,10
MRT,COP17,2011,10
MUS,COP17,2011,3
MEX,COP17,2011,33
FSM,COP17,2011,4
MCO,COP17,2011,12
MNG,COP17,2011,8
MNE,COP17,2011,6
MAR,COP17,2011,17
MOZ,COP17,2011,71
MMR,COP17,2011,0
NAM,COP17,2011,72
NRU,COP17,2011,14
NPL,COP17,2011,31
NLD,COP17,2011,19
NZL,COP17,2011,26
NIC,COP17,2011,5
NER,COP17,2011,39
NGA,COP17,2011,111
NOR,COP17,2011,59
OMN,COP17,2011,10
PAK,COP17,2011,30
PLW,COP17,2011,7
PAN,COP17,2011,17
PNG,COP17,2011,55
PRY,COP17,2011,20
PER,COP17,2011,12
PHL,COP17,2011,57
POL,COP17,2011,53
PRT,COP17,2011,25
QAT,COP17,2011,28
KOR,COP17,2011,96
MDA,COP17,2011,3
ROM,COP17,2011,12
RUS,COP17,2011,28
RWA,COP17,2011,12
KNA,COP17,2011,3
LCA,COP17,2011,8
VCT,COP17,2011,6
WSM,COP17,2011,17
SMR,COP17,2011,2
STP,COP17,2011,7
SAU,COP17,2011,24
SEN,COP17,2011,62
SRB,COP17,2011,8
SYC,COP17,2011,7
SLE,COP17,2011,9
SGP,COP17,2011,40
SVK,COP17,2011,8
SVN,COP17,2011,7
SLB,COP17,2011,7
SOM,COP17,2011,3
ZAF,COP17,2011,329
ESP,COP17,2011,17
LKA,COP17,2011,20
SDN,COP17,2011,20
SUR,COP17,2011,13
SWZ,COP17,2011,37
SWE,COP17,2011,43
CHE,COP17,2011,30
SYR,COP17,2011,3
TJK,COP17,2011,7
THA,COP17,2011,58
TMP,COP17,2011,9
TGO,COP17,2011,21
TON,COP17,2011,4
TTO,COP17,2011,8
TUN,COP17,2011,17
TUR,COP17,2011,42
TKM,COP17,2011,2
TUV,COP17,2011,8
UGA,COP17,2011,60
UKR,COP17,2011,30
ARE,COP17,2011,23
GBR,COP17,2011,40
TZA,COP17,2011,58
USA,COP17,2011,96
URY,COP17,2011,8
UZB,COP17,2011,3
VUT,COP17,2011,8
VEN,COP17,2011,13
VNM,COP17,2011,25
YEM,COP17,2011,4
ZMB,COP17,2011,52
ZWE,COP17,2011,39
AFG,COP18,2012,5
ALB,COP18,2012,6
DZA,COP18,2012,29
AGO,COP18,2012,45
ATG,COP18,2012,5
ARG,COP18,2012,15
ARM,COP18,2012,5
AUS,COP18,2012,41
AUT,COP18,2012,26
AZE,COP18,2012,1
BHS,COP18,2012,2
BHR,COP18,2012,30
BGD,COP18,2012,98
BRB,COP18,2012,6
BLR,COP18,2012,10
BEL,COP18,2012,50
BLZ,COP18,2012,9
BEN,COP18,2012,16
BTN,COP18,2012,11
BOL,COP18,2012,23
BIH,COP18,2012,12
BWA,COP18,2012,19
BRA,COP18,2012,118
BRN,COP18,2012,12
BGR,COP18,2012,11
BFA,COP18,2012,10
BDI,COP18,2012,10
CPV,COP18,2012,6
KHM,COP18,2012,23
CMR,COP18,2012,14
CAN,COP18,2012,55
CAF,COP18,2012,10
TCD,COP18,2012,24
CHL,COP18,2012,19
CHN,COP18,2012,141
COL,COP18,2012,9
COM,COP18,2012,8
COG,COP18,2012,51
COK,COP18,2012,8
CRI,COP18,2012,20
CIV,COP18,2012,11
HRV,COP18,2012,9
CUB,COP18,2012,9
CYP,COP18,2012,26
CZE,COP18,2012,8
ZAR,COP18,2012,62
DNK,COP18,2012,42
DJI,COP18,2012,23
DMA,COP18,2012,5
DOM,COP18,2012,12
ECU,COP18,2012,19
EGY,COP18,2012,20
SLV,COP18,2012,7
GNQ,COP18,2012,3
ERI,COP18,2012,4
EST,COP18,2012,5
ETH,COP18,2012,45
FJI,COP18,2012,22
FIN,COP18,2012,36
FRA,COP18,2012,87
GAB,COP18,2012,16
GMB,COP18,2012,22
GEO,COP18,2012,7
DEU,COP18,2012,70
GHA,COP18,2012,30
GRC,COP18,2012,5
GRD,COP18,2012,11
GTM,COP18,2012,5
GIN,COP18,2012,8
GNB,COP18,2012,10
GUY,COP18,2012,6
HTI,COP18,2012,6
HND,COP18,2012,11
HUN,COP18,2012,7
ISL,COP18,2012,6
IND,COP18,2012,33
IDN,COP18,2012,97
IRN,COP18,2012,14
IRQ,COP18,2012,25
IRL,COP18,2012,26
ISR,COP18,2012,3
ITA,COP18,2012,46
JAM,COP18,2012,6
JPN,COP18,2012,115
JOR,COP18,2012,2
KAZ,COP18,2012,14
KEN,COP18,2012,47
KIR,COP18,2012,5
KWT,COP18,2012,28
KGZ,COP18,2012,3
LAO,COP18,2012,10
LVA,COP18,2012,6
LBN,COP18,2012,16
LSO,COP18,2012,10
LBR,COP18,2012,17
LBY,COP18,2012,21
LIE,COP18,2012,3
LTU,COP18,2012,14
LUX,COP18,2012,4
MKD,COP18,2012,0
MDG,COP18,2012,7
MWI,COP18,2012,26
MYS,COP18,2012,26
MDV,COP18,2012,7
MLI,COP18,2012,24
MLT,COP18,2012,2
MHL,COP18,2012,8
MRT,COP18,2012,12
MUS,COP18,2012,2
MEX,COP18,2012,27
FSM,COP18,2012,7
MCO,COP18,2012,8
MNG,COP18,2012,4
MNE,COP18,2012,3
MAR,COP18,2012,17
MOZ,COP18,2012,26
MMR,COP18,2012,0
NAM,COP18,2012,15
NRU,COP18,2012,25
NPL,COP18,2012,30
NLD,COP18,2012,18
NZL,COP18,2012,21
NIC,COP18,2012,6
NER,COP18,2012,21
NGA,COP18,2012,106
NOR,COP18,2012,59
OMN,COP18,2012,14
PAK,COP18,2012,17
PLW,COP18,2012,8
PAN,COP18,2012,13
PNG,COP18,2012,29
PRY,COP18,2012,8
PER,COP18,2012,14
PHL,COP18,2012,40
POL,COP18,2012,35
PRT,COP18,2012,12
QAT,COP18,2012,138
KOR,COP18,2012,145
MDA,COP18,2012,2
ROM,COP18,2012,8
RUS,COP18,2012,38
RWA,COP18,2012,5
KNA,COP18,2012,2
LCA,COP18,2012,4
VCT,COP18,2012,3
WSM,COP18,2012,7
SMR,COP18,2012,0
STP,COP18,2012,3
SAU,COP18,2012,35
SEN,COP18,2012,19
SRB,COP18,2012,3
SYC,COP18,2012,4
SLE,COP18,2012,6
SGP,COP18,2012,30
SVK,COP18,2012,9
SVN,COP18,2012,2
SLB,COP18,2012,10
SOM,COP18,2012,4
ZAF,COP18,2012,78
ESP,COP18,2012,14
LKA,COP18,2012,14
SDN,COP18,2012,36
SUR,COP18,2012,3
SWZ,COP18,2012,32
SWE,COP18,2012,43
CHE,COP18,2012,28
SYR,COP18,2012,0
TJK,COP18,2012,3
THA,COP18,2012,50
TMP,COP18,2012,7
TGO,COP18,2012,18
TON,COP18,2012,4
TTO,COP18,2012,4
TUN,COP18,2012,17
TUR,COP18,2012,55
TKM,COP18,2012,1
TUV,COP18,2012,14
UGA,COP18,2012,50
UKR,COP18,2012,27
ARE,COP18,2012,66
GBR,COP18,2012,46
TZA,COP18,2012,43
USA,COP18,2012,51
URY,COP18,2012,9
UZB,COP18,2012,4
VUT,COP18,2012,8
VEN,COP18,2012,13
VNM,COP18,2012,30
YEM,COP18,2012,4
ZMB,COP18,2012,34
ZWE,COP18,2012,17
AFG,COP19,2013,5
ALB,COP19,2013,2
DZA,COP19,2013,20
AGO,COP19,2013,38
ATG,COP19,2013,3
ARG,COP19,2013,14
ARM,COP19,2013,5
AUS,COP19,2013,20
AUT,COP19,2013,36
AZE,COP19,2013,1
BHS,COP19,2013,4
BHR,COP19,2013,4
BGD,COP19,2013,55
BRB,COP19,2013,0
BLR,COP19,2013,10
BEL,COP19,2013,62
BLZ,COP19,2013,12
BEN,COP19,2013,11
BTN,COP19,2013,8
BOL,COP19,2013,20
BIH,COP19,2013,11
BWA,COP19,2013,12
BRA,COP19,2013,42
BRN,COP19,2013,10
BGR,COP19,2013,14
BFA,COP19,2013,14
BDI,COP19,2013,8
CPV,COP19,2013,0
KHM,COP19,2013,16
CMR,COP19,2013,19
CAN,COP19,2013,57
CAF,COP19,2013,5
TCD,COP19,2013,15
CHL,COP19,2013,27
CHN,COP19,2013,113
COL,COP19,2013,16
COM,COP19,2013,4
COG,COP19,2013,8
COK,COP19,2013,8
CRI,COP19,2013,12
CIV,COP19,2013,10
HRV,COP19,2013,10
CUB,COP19,2013,6
CYP,COP19,2013,4
CZE,COP19,2013,11
ZAR,COP19,2013,37
DNK,COP19,2013,45
DJI,COP19,2013,3
DMA,COP19,2013,3
DOM,COP19,2013,19
ECU,COP19,2013,17
EGY,COP19,2013,17
SLV,COP19,2013,20
GNQ,COP19,2013,2
ERI,COP19,2013,3
EST,COP19,2013,9
ETH,COP19,2013,31
FJI,COP19,2013,17
FIN,COP19,2013,43
FRA,COP19,2013,119
GAB,COP19,2013,14
GMB,COP19,2013,12
GEO,COP19,2013,8
DEU,COP19,2013,91
GHA,COP19,2013,25
GRC,COP19,2013,12
GRD,COP19,2013,3
GTM,COP19,2013,6
GIN,COP19,2013,10
GNB,COP19,2013,9
GUY,COP19,2013,6
HTI,COP19,2013,5
HND,COP19,2013,5
HUN,COP19,2013,17
ISL,COP19,2013,3
IND,COP19,2013,37
IDN,COP19,2013,65
IRN,COP19,2013,20
IRQ,COP19,2013,24
IRL,COP19,2013,30
ISR,COP19,2013,12
ITA,COP19,2013,56
JAM,COP19,2013,4
JPN,COP19,2013,96
JOR,COP19,2013,2
KAZ,COP19,2013,19
KEN,COP19,2013,32
KIR,COP19,2013,6
KWT,COP19,2013,22
KGZ,COP19,2013,7
LAO,COP19,2013,12
LVA,COP19,2013,20
LBN,COP19,2013,4
LSO,COP19,2013,6
LBR,COP19,2013,10
LBY,COP19,2013,14
LIE,COP19,2013,3
LTU,COP19,2013,39
LUX,COP19,2013,6
MKD,COP19,2013,4
MDG,COP19,2013,7
MWI,COP19,2013,27
MYS,COP19,2013,26
MDV,COP19,2013,4
MLI,COP19,2013,15
MLT,COP19,2013,8
MHL,COP19,2013,5
MRT,COP19,2013,6
MUS,COP19,2013,2
MEX,COP19,2013,47
FSM,COP19,2013,5
MCO,COP19,2013,6
MNG,COP19,2013,8
MNE,COP19,2013,5
MAR,COP19,2013,18
MOZ,COP19,2013,17
MMR,COP19,2013,4
NAM,COP19,2013,19
NRU,COP19,2013,29
NPL,COP19,2013,15
NLD,COP19,2013,19
NZL,COP19,2013,20
NIC,COP19,2013,5
NER,COP19,2013,21
NGA,COP19,2013,49
NOR,COP19,2013,60
OMN,COP19,2013,5
PAK,COP19,2013,15
PLW,COP19,2013,11
PAN,COP19,2013,26
PNG,COP19,2013,19
PRY,COP19,2013,4
PER,COP19,2013,41
PHL,COP19,2013,45
POL,COP19,2013,132
PRT,COP19,2013,17
QAT,COP19,2013,43
KOR,COP19,2013,78
MDA,COP19,2013,5
ROM,COP19,2013,13
RUS,COP19,2013,26
RWA,COP19,2013,8
KNA,COP19,2013,6
LCA,COP19,2013,7
VCT,COP19,2013,0
WSM,COP19,2013,6
SMR,COP19,2013,0
STP,COP19,2013,4
SAU,COP19,2013,26
SEN,COP19,2013,17
SRB,COP19,2013,4
SYC,COP19,2013,5
SLE,COP19,2013,10
SGP,COP19,2013,28
SVK,COP19,2013,11
SVN,COP19,2013,6
SLB,COP19,2013,16
SOM,COP19,2013,3
ZAF,COP19,2013,64
ESP,COP19,2013,17
LKA,COP19,2013,8
SDN,COP19,2013,18
SUR,COP19,2013,0
SWZ,COP19,2013,13
SWE,COP19,2013,45
CHE,COP19,2013,29
SYR,COP19,2013,3
TJK,COP19,2013,9
THA,COP19,2013,64
TMP,COP19,2013,7
TGO,COP19,2013,16
TON,COP19,2013,5
TTO,COP19,2013,3
TUN,COP19,2013,13
TUR,COP19,2013,41
TKM,COP19,2013,1
TUV,COP19,2013,10
UGA,COP19,2013,48
UKR,COP19,2013,25
ARE,COP19,2013,30
GBR,COP19,2013,46
TZA,COP19,2013,63
USA,COP19,2013,47
URY,COP19,2013,9
UZB,COP19,2013,2
VUT,COP19,2013,16
VEN,COP19,2013,12
VNM,COP19,2013,47
YEM,COP19,2013,4
ZMB,COP19,2013,39
ZWE,COP19,2013,19
AFG,COP2,1996,0
ALB,COP2,1996,2
DZA,COP2,1996,4
AGO,COP2,1996,0
ATG,COP2,1996,1
ARG,COP2,1996,7
ARM,COP2,1996,1
AUS,COP2,1996,25
AUT,COP2,1996,13
AZE,COP2,1996,0
BHS,COP2,1996,0
BHR,COP2,1996,1
BGD,COP2,1996,3
BRB,COP2,1996,1
BLR,COP2,1996,0
BEL,COP2,1996,7
BLZ,COP2,1996,2
BEN,COP2,1996,3
BTN,COP2,1996,2
BOL,COP2,1996,6
BIH,COP2,1996,0
BWA,COP2,1996,4
BRA,COP2,1996,9
BRN,COP2,1996,0
BGR,COP2,1996,3
BFA,COP2,1996,4
BDI,COP2,1996,0
CPV,COP2,1996,1
KHM,COP2,1996,7
CMR,COP2,1996,0
CAN,COP2,1996,20
CAF,COP2,1996,2
TCD,COP2,1996,3
CHL,COP2,1996,3
CHN,COP2,1996,15
COL,COP2,1996,9
COM,COP2,1996,2
COG,COP2,1996,3
COK,COP2,1996,0
CRI,COP2,1996,13
CIV,COP2,1996,6
HRV,COP2,1996,5
CUB,COP2,1996,5
CYP,COP2,1996,0
CZE,COP2,1996,6
ZAR,COP2,1996,0
DNK,COP2,1996,13
DJI,COP2,1996,1
DMA,COP2,1996,0
DOM,COP2,1996,0
ECU,COP2,1996,2
EGY,COP2,1996,5
SLV,COP2,1996,6
GNQ,COP2,1996,0
ERI,COP2,1996,2
EST,COP2,1996,2
ETH,COP2,1996,2
FJI,COP2,1996,13
FIN,COP2,1996,0
FRA,COP2,1996,14
GAB,COP2,1996,0
GMB,COP2,1996,3
GEO,COP2,1996,2
DEU,COP2,1996,25
GHA,COP2,1996,5
GRC,COP2,1996,7
GRD,COP2,1996,0
GTM,COP2,1996,14
GIN,COP2,1996,4
GNB,COP2,1996,2
GUY,COP2,1996,1
HTI,COP2,1996,0
HND,COP2,1996,4
HUN,COP2,1996,4
ISL,COP2,1996,21
IND,COP2,1996,9
IDN,COP2,1996,23
IRN,COP2,1996,0
IRQ,COP2,1996,0
IRL,COP2,1996,15
ISR,COP2,1996,0
ITA,COP2,1996,14
JAM,COP2,1996,2
JPN,COP2,1996,31
JOR,COP2,1996,3
KAZ,COP2,1996,0
KEN,COP2,1996,9
KIR,COP2,1996,4
KWT,COP2,1996,12
KGZ,COP2,1996,0
LAO,COP2,1996,3
LVA,COP2,1996,2
LBN,COP2,1996,2
LSO,COP2,1996,4
LBR,COP2,1996,0
LBY,COP2,1996,0
LIE,COP2,1996,3
LTU,COP2,1996,3
LUX,COP2,1996,3
MKD,COP2,1996,0
MDG,COP2,1996,0
MWI,COP2,1996,3
MYS,COP2,1996,4
MDV,COP2,1996,3
MLI,COP2,1996,3
MLT,COP2,1996,3
MHL,COP2,1996,2
MRT,COP2,1996,3
MUS,COP2,1996,6
MEX,COP2,1996,10
FSM,COP2,1996,5
MCO,COP2,1996,2
MNG,COP2,1996,2
MNE,COP2,1996,0
MAR,COP2,1996,7
MOZ,COP2,1996,0
MMR,COP2,1996,5
NAM,COP2,1996,2
NRU,COP2,1996,0
NPL,COP2,1996,4
NLD,COP2,1996,15
NZL,COP2,1996,10
NIC,COP2,1996,0
NER,COP2,1996,2
NGA,COP2,1996,7
NOR,COP2,1996,12
OMN,COP2,1996,5
PAK,COP2,1996,2
PLW,COP2,1996,0
PAN,COP2,1996,5
PNG,COP2,1996,0
PRY,COP2,1996,2
PER,COP2,1996,6
PHL,COP2,1996,8
POL,COP2,1996,11
PRT,COP2,1996,10
QAT,COP2,1996,8
KOR,COP2,1996,16
MDA,COP2,1996,1
ROM,COP2,1996,4
RUS,COP2,1996,15
RWA,COP2,1996,0
KNA,COP2,1996,2
LCA,COP2,1996,2
VCT,COP2,1996,0
WSM,COP2,1996,2
SMR,COP2,1996,0
STP,COP2,1996,0
SAU,COP2,1996,12
SEN,COP2,1996,6
SCG,COP2,1996,0
SYC,COP2,1996,0
SLE,COP2,1996,2
SGP,COP2,1996,0
SVK,COP2,1996,4
SVN,COP2,1996,3
SLB,COP2,1996,1
SOM,COP2,1996,0
ZAF,COP2,1996,0
ESP,COP2,1996,8
LKA,COP2,1996,6
SDN,COP2,1996,2
SUR,COP2,1996,0
SWZ,COP2,1996,0
SWE,COP2,1996,14
CHE,COP2,1996,26
SYR,COP2,1996,4
TJK,COP2,1996,0
THA,COP2,1996,9
TMP,COP2,1996,0
TGO,COP2,1996,3
TON,COP2,1996,0
TTO,COP2,1996,3
TUN,COP2,1996,5
TUR,COP2,1996,0
TKM,COP2,1996,2
TUV,COP2,1996,0
UGA,COP2,1996,3
UKR,COP2,1996,0
ARE,COP2,1996,8
GBR,COP2,1996,18
TZA,COP2,1996,8
USA,COP2,1996,28
URY,COP2,1996,5
UZB,COP2,1996,1
VUT,COP2,1996,2
VEN,COP2,1996,17
VNM,COP2,1996,4
YEM,COP2,1996,5
ZMB,COP2,1996,5
ZWE,COP2,1996,18
AFG,COP20,2014,3
ALB,COP20,2014,3
DZA,COP20,2014,21
AGO,COP20,2014,24
ATG,COP20,2014,3
ARG,COP20,2014,26
ARM,COP20,2014,3
AUS,COP20,2014,29
AUT,COP20,2014,29
AZE,COP20,2014,2
BHS,COP20,2014,2
BHR,COP20,2014,2
BGD,COP20,2014,18
BRB,COP20,2014,2
BLR,COP20,2014,2
BEL,COP20,2014,46
BLZ,COP20,2014,18
BEN,COP20,2014,8
BTN,COP20,2014,9
BOL,COP20,2014,43
BIH,COP20,2014,0
BWA,COP20,2014,13
BRA,COP20,2014,286
BRN,COP20,2014,12
BGR,COP20,2014,4
BFA,COP20,2014,12
BDI,COP20,2014,12
CPV,COP20,2014,8
KHM,COP20,2014,12
CMR,COP20,2014,17
CAN,COP20,2014,68
CAF,COP20,2014,3
TCD,COP20,2014,5
CHL,COP20,2014,134
CHN,COP20,2014,88
COL,COP20,2014,41
COM,COP20,2014,3
COG,COP20,2014,10
COK,COP20,2014,7
CRI,COP20,2014,33
CIV,COP20,2014,7
HRV,COP20,2014,5
CUB,COP20,2014,15
CYP,COP20,2014,3
CZE,COP20,2014,15
ZAR,COP20,2014,41
DNK,COP20,2014,39
DJI,COP20,2014,3
DMA,COP20,2014,0
DOM,COP20,2014,27
ECU,COP20,2014,57
EGY,COP20,2014,21
SLV,COP20,2014,28
GNQ,COP20,2014,4
ERI,COP20,2014,0
EST,COP20,2014,6
ETH,COP20,2014,50
FJI,COP20,2014,15
FIN,COP20,2014,42
FRA,COP20,2014,166
GAB,COP20,2014,12
GMB,COP20,2014,16
GEO,COP20,2014,5
DEU,COP20,2014,64
GHA,COP20,2014,26
GRC,COP20,2014,9
GRD,COP20,2014,4
GTM,COP20,2014,21
GIN,COP20,2014,11
GNB,COP20,2014,5
GUY,COP20,2014,6
HTI,COP20,2014,3
HND,COP20,2014,23
HUN,COP20,2014,6
ISL,COP20,2014,4
IND,COP20,2014,31
IDN,COP20,2014,59
IRN,COP20,2014,6
IRQ,COP20,2014,16
IRL,COP20,2014,15
ISR,COP20,2014,14
ITA,COP20,2014,55
JAM,COP20,2014,9
JPN,COP20,2014,89
JOR,COP20,2014,7
KAZ,COP20,2014,9
KEN,COP20,2014,52
KIR,COP20,2014,11
KWT,COP20,2014,17
KGZ,COP20,2014,6
LAO,COP20,2014,8
LVA,COP20,2014,17
LBN,COP20,2014,8
LSO,COP20,2014,7
LBR,COP20,2014,7
LBY,COP20,2014,2
LIE,COP20,2014,4
LTU,COP20,2014,7
LUX,COP20,2014,11
MKD,COP20,2014,0
MDG,COP20,2014,6
MWI,COP20,2014,25
MYS,COP20,2014,24
MDV,COP20,2014,6
MLI,COP20,2014,9
MLT,COP20,2014,6
MHL,COP20,2014,9
MRT,COP20,2014,5
MUS,COP20,2014,1
MEX,COP20,2014,71
FSM,COP20,2014,5
MCO,COP20,2014,7
MNG,COP20,2014,5
MNE,COP20,2014,1
MAR,COP20,2014,41
MOZ,COP20,2014,25
MMR,COP20,2014,5
NAM,COP20,2014,33
NRU,COP20,2014,20
NPL,COP20,2014,24
NLD,COP20,2014,15
NZL,COP20,2014,18
NIC,COP20,2014,5
NER,COP20,2014,22
NGA,COP20,2014,50
NOR,COP20,2014,48
OMN,COP20,2014,10
PAK,COP20,2014,16
PLW,COP20,2014,19
PAN,COP20,2014,41
PNG,COP20,2014,7
PRY,COP20,2014,28
PER,COP20,2014,266
PHL,COP20,2014,34
POL,COP20,2014,24
PRT,COP20,2014,12
QAT,COP20,2014,20
KOR,COP20,2014,81
MDA,COP20,2014,1
ROM,COP20,2014,9
RUS,COP20,2014,34
RWA,COP20,2014,4
KNA,COP20,2014,4
LCA,COP20,2014,6
VCT,COP20,2014,1
WSM,COP20,2014,4
SMR,COP20,2014,0
STP,COP20,2014,6
SAU,COP20,2014,34
SEN,COP20,2014,26
SRB,COP20,2014,1
SYC,COP20,2014,9
SLE,COP20,2014,14
SGP,COP20,2014,25
SVK,COP20,2014,7
SVN,COP20,2014,4
SLB,COP20,2014,11
SOM,COP20,2014,1
ZAF,COP20,2014,80
ESP,COP20,2014,23
LKA,COP20,2014,7
SDN,COP20,2014,22
SUR,COP20,2014,9
SWZ,COP20,2014,4
SWE,COP20,2014,38
CHE,COP20,2014,23
SYR,COP20,2014,0
TJK,COP20,2014,4
THA,COP20,2014,49
TMP,COP20,2014,6
TGO,COP20,2014,16
TON,COP20,2014,4
TTO,COP20,2014,5
TUN,COP20,2014,9
TUR,COP20,2014,53
TKM,COP20,2014,0
TUV,COP20,2014,19
UGA,COP20,2014,49
UKR,COP20,2014,9
ARE,COP20,2014,21
GBR,COP20,2014,36
TZA,COP20,2014,60
USA,COP20,2014,97
URY,COP20,2014,18
UZB,COP20,2014,1
VUT,COP20,2014,0
VEN,COP20,2014,30
VNM,COP20,2014,47
YEM,COP20,2014,4
ZMB,COP20,2014,33
ZWE,COP20,2014,12
AFG,COP21,2015,26
ALB,COP21,2015,21
DZA,COP21,2015,44
AGO,COP21,2015,71
ATG,COP21,2015,9
ARG,COP21,2015,23
ARM,COP21,2015,27
AUS,COP21,2015,45
AUT,COP21,2015,43
AZE,COP21,2015,66
BHS,COP21,2015,24
BHR,COP21,2015,31
BGD,COP21,2015,44
BRB,COP21,2015,10
BLR,COP21,2015,11
BEL,COP21,2015,74
BLZ,COP21,2015,18
BEN,COP21,2015,137
BTN,COP21,2015,17
BOL,COP21,2015,26
BIH,COP21,2015,12
BWA,COP21,2015,39
BRA,COP21,2015,217
BRN,COP21,2015,10
BGR,COP21,2015,25
BFA,COP21,2015,204
BDI,COP21,2015,49
CPV,COP21,2015,25
KHM,COP21,2015,40
CMR,COP21,2015,167
CAN,COP21,2015,287
CAF,COP21,2015,50
TCD,COP21,2015,86
CHL,COP21,2015,149
CHN,COP21,2015,268
COL,COP21,2015,78
COM,COP21,2015,70
COG,COP21,2015,175
COK,COP21,2015,14
CRI,COP21,2015,45
CIV,COP21,2015,215
HRV,COP21,2015,25
CUB,COP21,2015,27
CYP,COP21,2015,16
CZE,COP21,2015,49
ZAR,COP21,2015,202
DNK,COP21,2015,102
DJI,COP21,2015,62
DMA,COP21,2015,5
DOM,COP21,2015,88
ECU,COP21,2015,46
EGY,COP21,2015,84
SLV,COP21,2015,29
GNQ,COP21,2015,95
ERI,COP21,2015,3
EST,COP21,2015,22
ETH,COP21,2015,64
FJI,COP21,2015,43
FIN,COP21,2015,74
FRA,COP21,2015,383
GAB,COP21,2015,32
GMB,COP21,2015,40
GEO,COP21,2015,43
DEU,COP21,2015,117
GHA,COP21,2015,126
GRC,COP21,2015,26
GRD,COP21,2015,11
GTM,COP21,2015,55
GIN,COP21,2015,99
GNB,COP21,2015,25
GUY,COP21,2015,11
HTI,COP21,2015,15
HND,COP21,2015,70
HUN,COP21,2015,36
ISL,COP21,2015,17
IND,COP21,2015,185
IDN,COP21,2015,187
IRN,COP21,2015,17
IRQ,COP21,2015,68
IRL,COP21,2015,49
ISR,COP21,2015,77
ITA,COP21,2015,78
JAM,COP21,2015,12
JPN,COP21,2015,167
JOR,COP21,2015,26
KAZ,COP21,2015,40
KEN,COP21,2015,96
KIR,COP21,2015,28
KWT,COP21,2015,36
KGZ,COP21,2015,61
LAO,COP21,2015,20
LVA,COP21,2015,26
LBN,COP21,2015,43
LSO,COP21,2015,27
LBR,COP21,2015,45
LBY,COP21,2015,5
LIE,COP21,2015,6
LTU,COP21,2015,30
LUX,COP21,2015,49
MKD,COP21,2015,22
MDG,COP21,2015,91
MWI,COP21,2015,40
MYS,COP21,2015,37
MDV,COP21,2015,24
MLI,COP21,2015,130
MLT,COP21,2015,17
MHL,COP21,2015,36
MRT,COP21,2015,115
MUS,COP21,2015,13
MEX,COP21,2015,27
FSM,COP21,2015,22
MCO,COP21,2015,27
MNG,COP21,2015,31
MNE,COP21,2015,15
MAR,COP21,2015,355
MOZ,COP21,2015,64
MMR,COP21,2015,27
NAM,COP21,2015,93
NRU,COP21,2015,13
NPL,COP21,2015,29
NLD,COP21,2015,36
NZL,COP21,2015,36
NIC,COP21,2015,10
NER,COP21,2015,142
NGA,COP21,2015,86
NOR,COP21,2015,69
OMN,COP21,2015,26
PAK,COP21,2015,73
PLW,COP21,2015,41
PAN,COP21,2015,54
PNG,COP21,2015,56
PRY,COP21,2015,57
PER,COP21,2015,252
PHL,COP21,2015,138
POL,COP21,2015,46
PRT,COP21,2015,36
QAT,COP21,2015,87
KOR,COP21,2015,204
MDA,COP21,2015,17
ROM,COP21,2015,21
RUS,COP21,2015,260
RWA,COP21,2015,20
KNA,COP21,2015,8
LCA,COP21,2015,19
VCT,COP21,2015,10
WSM,COP21,2015,10
SMR,COP21,2015,6
STP,COP21,2015,18
SAU,COP21,2015,35
SEN,COP21,2015,211
SRB,COP21,2015,12
SYC,COP21,2015,44
SLE,COP21,2015,38
SGP,COP21,2015,32
SVK,COP21,2015,33
SVN,COP21,2015,29
SLB,COP21,2015,22
SOM,COP21,2015,10
ZAF,COP21,2015,143
ESP,COP21,2015,46
LKA,COP21,2015,45
SDN,COP21,2015,76
SUR,COP21,2015,11
SWZ,COP21,2015,22
SWE,COP21,2015,60
CHE,COP21,2015,31
SYR,COP21,2015,2
TJK,COP21,2015,15
THA,COP21,2015,89
TMP,COP21,2015,15
TGO,COP21,2015,112
TON,COP21,2015,16
TTO,COP21,2015,3
TUN,COP21,2015,49
TUR,COP21,2015,125
TKM,COP21,2015,7
TUV,COP21,2015,35
UGA,COP21,2015,93
UKR,COP21,2015,39
ARE,COP21,2015,127
GBR,COP21,2015,93
TZA,COP21,2015,17
USA,COP21,2015,147
URY,COP21,2015,17
UZB,COP21,2015,4
VUT,COP21,2015,31
VEN,COP21,2015,42
VNM,COP21,2015,124
YEM,COP21,2015,14
ZMB,COP21,2015,52
ZWE,COP21,2015,84
AFG,COP3,1997,0
ALB,COP3,1997,1
DZA,COP3,1997,5
AGO,COP3,1997,0
ATG,COP3,1997,2
ARG,COP3,1997,20
ARM,COP3,1997,2
AUS,COP3,1997,37
AUT,COP3,1997,13
AZE,COP3,1997,2
BHS,COP3,1997,3
BHR,COP3,1997,4
BGD,COP3,1997,6
BRB,COP3,1997,3
BLR,COP3,1997,0
BEL,COP3,1997,11
BLZ,COP3,1997,3
BEN,COP3,1997,3
BTN,COP3,1997,4
BOL,COP3,1997,6
BIH,COP3,1997,0
BWA,COP3,1997,4
BRA,COP3,1997,14
BRN,COP3,1997,0
BGR,COP3,1997,3
BFA,COP3,1997,3
BDI,COP3,1997,2
CPV,COP3,1997,2
KHM,COP3,1997,2
CMR,COP3,1997,3
CAN,COP3,1997,63
CAF,COP3,1997,2
TCD,COP3,1997,0
CHL,COP3,1997,7
CHN,COP3,1997,18
COL,COP3,1997,9
COM,COP3,1997,1
COG,COP3,1997,3
COK,COP3,1997,4
CRI,COP3,1997,22
CIV,COP3,1997,4
HRV,COP3,1997,5
CUB,COP3,1997,5
CYP,COP3,1997,0
CZE,COP3,1997,4
ZAR,COP3,1997,5
DNK,COP3,1997,29
DJI,COP3,1997,2
DMA,COP3,1997,2
DOM,COP3,1997,0
ECU,COP3,1997,2
EGY,COP3,1997,6
SLV,COP3,1997,2
GNQ,COP3,1997,0
ERI,COP3,1997,2
EST,COP3,1997,3
ETH,COP3,1997,2
FJI,COP3,1997,2
FIN,COP3,1997,29
FRA,COP3,1997,30
GAB,COP3,1997,0
GMB,COP3,1997,5
GEO,COP3,1997,4
DEU,COP3,1997,43
GHA,COP3,1997,5
GRC,COP3,1997,9
GRD,COP3,1997,1
GTM,COP3,1997,5
GIN,COP3,1997,3
GNB,COP3,1997,2
GUY,COP3,1997,0
HTI,COP3,1997,0
HND,COP3,1997,3
HUN,COP3,1997,4
ISL,COP3,1997,7
IND,COP3,1997,10
IDN,COP3,1997,24
IRN,COP3,1997,12
IRQ,COP3,1997,0
IRL,COP3,1997,8
ISR,COP3,1997,4
ITA,COP3,1997,34
JAM,COP3,1997,2
JPN,COP3,1997,165
JOR,COP3,1997,6
KAZ,COP3,1997,4
KEN,COP3,1997,6
KIR,COP3,1997,5
KWT,COP3,1997,8
KGZ,COP3,1997,0
LAO,COP3,1997,3
LVA,COP3,1997,3
LBN,COP3,1997,2
LSO,COP3,1997,3
LBR,COP3,1997,0
LBY,COP3,1997,0
LIE,COP3,1997,1
LTU,COP3,1997,2
LUX,COP3,1997,14
MKD,COP3,1997,0
MDG,COP3,1997,0
MWI,COP3,1997,6
MYS,COP3,1997,6
MDV,COP3,1997,2
MLI,COP3,1997,3
MLT,COP3,1997,1
MHL,COP3,1997,8
MRT,COP3,1997,1
MUS,COP3,1997,4
MEX,COP3,1997,16
FSM,COP3,1997,15
MCO,COP3,1997,1
MNG,COP3,1997,4
MNE,COP3,1997,0
MAR,COP3,1997,6
MOZ,COP3,1997,3
MMR,COP3,1997,4
NAM,COP3,1997,0
NRU,COP3,1997,6
NPL,COP3,1997,1
NLD,COP3,1997,31
NZL,COP3,1997,13
NIC,COP3,1997,4
NER,COP3,1997,3
NGA,COP3,1997,13
NOR,COP3,1997,23
OMN,COP3,1997,0
PAK,COP3,1997,4
PLW,COP3,1997,0
PAN,COP3,1997,6
PNG,COP3,1997,9
PRY,COP3,1997,5
PER,COP3,1997,11
PHL,COP3,1997,14
POL,COP3,1997,6
PRT,COP3,1997,9
QAT,COP3,1997,9
KOR,COP3,1997,25
MDA,COP3,1997,0
ROM,COP3,1997,3
RUS,COP3,1997,6
RWA,COP3,1997,0
KNA,COP3,1997,1
LCA,COP3,1997,2
VCT,COP3,1997,0
WSM,COP3,1997,5
SMR,COP3,1997,0
STP,COP3,1997,0
SAU,COP3,1997,16
SEN,COP3,1997,8
SCG,COP3,1997,0
SYC,COP3,1997,2
SLE,COP3,1997,0
SGP,COP3,1997,6
SVK,COP3,1997,5
SVN,COP3,1997,4
SLB,COP3,1997,4
SOM,COP3,1997,0
ZAF,COP3,1997,10
ESP,COP3,1997,8
LKA,COP3,1997,1
SDN,COP3,1997,2
SUR,COP3,1997,0
SWZ,COP3,1997,2
SWE,COP3,1997,24
CHE,COP3,1997,19
SYR,COP3,1997,7
TJK,COP3,1997,0
THA,COP3,1997,12
TMP,COP3,1997,0
TGO,COP3,1997,3
TON,COP3,1997,0
TTO,COP3,1997,1
TUN,COP3,1997,4
TUR,COP3,1997,0
TKM,COP3,1997,2
TUV,COP3,1997,7
UGA,COP3,1997,3
UKR,COP3,1997,8
ARE,COP3,1997,10
GBR,COP3,1997,27
TZA,COP3,1997,10
USA,COP3,1997,99
URY,COP3,1997,4
UZB,COP3,1997,2
VUT,COP3,1997,5
VEN,COP3,1997,10
VNM,COP3,1997,4
YEM,COP3,1997,3
ZMB,COP3,1997,6
ZWE,COP3,1997,8
AFG,COP4,1998,0
ALB,COP4,1998,1
DZA,COP4,1998,3
AGO,COP4,1998,0
ATG,COP4,1998,2
ARG,COP4,1998,126
ARM,COP4,1998,3
AUS,COP4,1998,29
AUT,COP4,1998,32
AZE,COP4,1998,0
BHS,COP4,1998,2
BHR,COP4,1998,0
BGD,COP4,1998,2
BRB,COP4,1998,2
BLR,COP4,1998,0
BEL,COP4,1998,7
BLZ,COP4,1998,3
BEN,COP4,1998,3
BTN,COP4,1998,2
BOL,COP4,1998,12
BIH,COP4,1998,0
BWA,COP4,1998,4
BRA,COP4,1998,33
BRN,COP4,1998,0
BGR,COP4,1998,2
BFA,COP4,1998,2
BDI,COP4,1998,1
CPV,COP4,1998,0
KHM,COP4,1998,2
CMR,COP4,1998,1
CAN,COP4,1998,44
CAF,COP4,1998,2
TCD,COP4,1998,0
CHL,COP4,1998,19
CHN,COP4,1998,21
COL,COP4,1998,11
COM,COP4,1998,1
COG,COP4,1998,2
COK,COP4,1998,3
CRI,COP4,1998,8
CIV,COP4,1998,1
HRV,COP4,1998,5
CUB,COP4,1998,6
CYP,COP4,1998,2
CZE,COP4,1998,6
ZAR,COP4,1998,0
DNK,COP4,1998,27
DJI,COP4,1998,2
DMA,COP4,1998,0
DOM,COP4,1998,0
ECU,COP4,1998,11
EGY,COP4,1998,4
SLV,COP4,1998,4
GNQ,COP4,1998,0
ERI,COP4,1998,2
EST,COP4,1998,3
ETH,COP4,1998,2
FJI,COP4,1998,2
FIN,COP4,1998,30
FRA,COP4,1998,34
GAB,COP4,1998,0
GMB,COP4,1998,4
GEO,COP4,1998,4
DEU,COP4,1998,28
GHA,COP4,1998,6
GRC,COP4,1998,10
GRD,COP4,1998,2
GTM,COP4,1998,8
GIN,COP4,1998,0
GNB,COP4,1998,2
GUY,COP4,1998,3
HTI,COP4,1998,2
HND,COP4,1998,2
HUN,COP4,1998,6
ISL,COP4,1998,7
IND,COP4,1998,8
IDN,COP4,1998,14
IRN,COP4,1998,5
IRQ,COP4,1998,0
IRL,COP4,1998,13
ISR,COP4,1998,5
ITA,COP4,1998,33
JAM,COP4,1998,2
JPN,COP4,1998,35
JOR,COP4,1998,4
KAZ,COP4,1998,6
KEN,COP4,1998,5
KIR,COP4,1998,4
KWT,COP4,1998,9
KGZ,COP4,1998,0
LAO,COP4,1998,2
LVA,COP4,1998,6
LBN,COP4,1998,2
LSO,COP4,1998,2
LBR,COP4,1998,0
LBY,COP4,1998,0
LIE,COP4,1998,0
LTU,COP4,1998,5
LUX,COP4,1998,1
MKD,COP4,1998,0
MDG,COP4,1998,0
MWI,COP4,1998,3
MYS,COP4,1998,9
MDV,COP4,1998,2
MLI,COP4,1998,3
MLT,COP4,1998,0
MHL,COP4,1998,2
MRT,COP4,1998,2
MUS,COP4,1998,1
MEX,COP4,1998,20
FSM,COP4,1998,9
MCO,COP4,1998,2
MNG,COP4,1998,1
MNE,COP4,1998,0
MAR,COP4,1998,11
MOZ,COP4,1998,0
MMR,COP4,1998,2
NAM,COP4,1998,1
NRU,COP4,1998,3
NPL,COP4,1998,2
NLD,COP4,1998,17
NZL,COP4,1998,13
NIC,COP4,1998,5
NER,COP4,1998,2
NGA,COP4,1998,9
NOR,COP4,1998,23
OMN,COP4,1998,4
PAK,COP4,1998,2
PLW,COP4,1998,0
PAN,COP4,1998,5
PNG,COP4,1998,3
PRY,COP4,1998,12
PER,COP4,1998,11
PHL,COP4,1998,13
POL,COP4,1998,12
PRT,COP4,1998,11
QAT,COP4,1998,6
KOR,COP4,1998,9
MDA,COP4,1998,1
ROM,COP4,1998,5
RUS,COP4,1998,8
RWA,COP4,1998,0
KNA,COP4,1998,0
LCA,COP4,1998,2
VCT,COP4,1998,0
WSM,COP4,1998,2
SMR,COP4,1998,0
STP,COP4,1998,0
SAU,COP4,1998,16
SEN,COP4,1998,7
SCG,COP4,1998,0
SYC,COP4,1998,3
SLE,COP4,1998,2
SGP,COP4,1998,3
SVK,COP4,1998,3
SVN,COP4,1998,6
SLB,COP4,1998,3
SOM,COP4,1998,0
ZAF,COP4,1998,17
ESP,COP4,1998,12
LKA,COP4,1998,1
SDN,COP4,1998,5
SUR,COP4,1998,0
SWZ,COP4,1998,2
SWE,COP4,1998,25
CHE,COP4,1998,12
SYR,COP4,1998,6
TJK,COP4,1998,0
THA,COP4,1998,13
TMP,COP4,1998,0
TGO,COP4,1998,3
TON,COP4,1998,0
TTO,COP4,1998,3
TUN,COP4,1998,3
TUR,COP4,1998,0
TKM,COP4,1998,3
TUV,COP4,1998,5
UGA,COP4,1998,4
UKR,COP4,1998,5
ARE,COP4,1998,6
GBR,COP4,1998,34
TZA,COP4,1998,7
USA,COP4,1998,83
URY,COP4,1998,4
UZB,COP4,1998,2
VUT,COP4,1998,0
VEN,COP4,1998,11
VNM,COP4,1998,3
YEM,COP4,1998,0
ZMB,COP4,1998,2
ZWE,COP4,1998,6
AFG,COP5,1999,0
ALB,COP5,1999,2
DZA,COP5,1999,2
AGO,COP5,1999,0
ATG,COP5,1999,2
ARG,COP5,1999,24
ARM,COP5,1999,1
AUS,COP5,1999,24
AUT,COP5,1999,18
AZE,COP5,1999,3
BHS,COP5,1999,1
BHR,COP5,1999,0
BGD,COP5,1999,7
BRB,COP5,1999,2
BLR,COP5,1999,0
BEL,COP5,1999,17
BLZ,COP5,1999,0
BEN,COP5,1999,6
BTN,COP5,1999,3
BOL,COP5,1999,9
BIH,COP5,1999,0
BWA,COP5,1999,3
BRA,COP5,1999,30
BRN,COP5,1999,0
BGR,COP5,1999,4
BFA,COP5,1999,5
BDI,COP5,1999,2
CPV,COP5,1999,0
KHM,COP5,1999,5
CMR,COP5,1999,0
CAN,COP5,1999,42
CAF,COP5,1999,2
TCD,COP5,1999,2
CHL,COP5,1999,10
CHN,COP5,1999,23
COL,COP5,1999,10
COM,COP5,1999,2
COG,COP5,1999,3
COK,COP5,1999,5
CRI,COP5,1999,3
CIV,COP5,1999,6
HRV,COP5,1999,4
CUB,COP5,1999,4
CYP,COP5,1999,1
CZE,COP5,1999,7
ZAR,COP5,1999,2
DNK,COP5,1999,22
DJI,COP5,1999,2
DMA,COP5,1999,1
DOM,COP5,1999,2
ECU,COP5,1999,7
EGY,COP5,1999,6
SLV,COP5,1999,10
GNQ,COP5,1999,0
ERI,COP5,1999,2
EST,COP5,1999,3
ETH,COP5,1999,3
FJI,COP5,1999,4
FIN,COP5,1999,54
FRA,COP5,1999,38
GAB,COP5,1999,0
GMB,COP5,1999,2
GEO,COP5,1999,6
DEU,COP5,1999,87
GHA,COP5,1999,6
GRC,COP5,1999,4
GRD,COP5,1999,0
GTM,COP5,1999,6
GIN,COP5,1999,5
GNB,COP5,1999,5
GUY,COP5,1999,0
HTI,COP5,1999,3
HND,COP5,1999,4
HUN,COP5,1999,7
ISL,COP5,1999,7
IND,COP5,1999,10
IDN,COP5,1999,21
IRN,COP5,1999,10
IRQ,COP5,1999,0
IRL,COP5,1999,17
ISR,COP5,1999,1
ITA,COP5,1999,23
JAM,COP5,1999,5
JPN,COP5,1999,28
JOR,COP5,1999,3
KAZ,COP5,1999,8
KEN,COP5,1999,4
KIR,COP5,1999,3
KWT,COP5,1999,10
KGZ,COP5,1999,0
LAO,COP5,1999,4
LVA,COP5,1999,4
LBN,COP5,1999,1
LSO,COP5,1999,3
LBR,COP5,1999,0
LBY,COP5,1999,6
LIE,COP5,1999,2
LTU,COP5,1999,1
LUX,COP5,1999,3
MKD,COP5,1999,4
MDG,COP5,1999,0
MWI,COP5,1999,2
MYS,COP5,1999,7
MDV,COP5,1999,2
MLI,COP5,1999,6
MLT,COP5,1999,3
MHL,COP5,1999,2
MRT,COP5,1999,3
MUS,COP5,1999,2
MEX,COP5,1999,17
FSM,COP5,1999,12
MCO,COP5,1999,1
MNG,COP5,1999,5
MNE,COP5,1999,0
MAR,COP5,1999,8
MOZ,COP5,1999,2
MMR,COP5,1999,2
NAM,COP5,1999,0
NRU,COP5,1999,3
NPL,COP5,1999,3
NLD,COP5,1999,29
NZL,COP5,1999,6
NIC,COP5,1999,5
NER,COP5,1999,5
NGA,COP5,1999,13
NOR,COP5,1999,25
OMN,COP5,1999,3
PAK,COP5,1999,5
PLW,COP5,1999,0
PAN,COP5,1999,2
PNG,COP5,1999,6
PRY,COP5,1999,10
PER,COP5,1999,8
PHL,COP5,1999,11
POL,COP5,1999,17
PRT,COP5,1999,25
QAT,COP5,1999,5
KOR,COP5,1999,18
MDA,COP5,1999,2
ROM,COP5,1999,4
RUS,COP5,1999,10
RWA,COP5,1999,4
KNA,COP5,1999,0
LCA,COP5,1999,2
VCT,COP5,1999,0
WSM,COP5,1999,4
SMR,COP5,1999,0
STP,COP5,1999,0
SAU,COP5,1999,15
SEN,COP5,1999,5
SCG,COP5,1999,0
SYC,COP5,1999,2
SLE,COP5,1999,3
SGP,COP5,1999,5
SVK,COP5,1999,5
SVN,COP5,1999,4
SLB,COP5,1999,3
SOM,COP5,1999,0
ZAF,COP5,1999,11
ESP,COP5,1999,11
LKA,COP5,1999,3
SDN,COP5,1999,6
SUR,COP5,1999,2
SWZ,COP5,1999,3
SWE,COP5,1999,29
CHE,COP5,1999,16
SYR,COP5,1999,5
TJK,COP5,1999,0
THA,COP5,1999,16
TMP,COP5,1999,0
TGO,COP5,1999,2
TON,COP5,1999,1
TTO,COP5,1999,3
TUN,COP5,1999,8
TUR,COP5,1999,0
TKM,COP5,1999,2
TUV,COP5,1999,5
UGA,COP5,1999,7
UKR,COP5,1999,7
ARE,COP5,1999,10
GBR,COP5,1999,34
TZA,COP5,1999,8
USA,COP5,1999,121
URY,COP5,1999,4
UZB,COP5,1999,5
VUT,COP5,1999,5
VEN,COP5,1999,8
VNM,COP5,1999,3
YEM,COP5,1999,4
ZMB,COP5,1999,7
ZWE,COP5,1999,7
AFG,COP6,2000,0
ALB,COP6,2000,2
DZA,COP6,2000,8
AGO,COP6,2000,4
ATG,COP6,2000,3
ARG,COP6,2000,7
ARM,COP6,2000,5
AUS,COP6,2000,31
AUT,COP6,2000,27
AZE,COP6,2000,4
BHS,COP6,2000,2
BHR,COP6,2000,0
BGD,COP6,2000,12
BRB,COP6,2000,4
BLR,COP6,2000,6
BEL,COP6,2000,40
BLZ,COP6,2000,2
BEN,COP6,2000,7
BTN,COP6,2000,4
BOL,COP6,2000,7
BIH,COP6,2000,0
BWA,COP6,2000,5
BRA,COP6,2000,65
BRN,COP6,2000,0
BGR,COP6,2000,2
BFA,COP6,2000,2
BDI,COP6,2000,3
CPV,COP6,2000,7
KHM,COP6,2000,2
CMR,COP6,2000,0
CAN,COP6,2000,81
CAF,COP6,2000,2
TCD,COP6,2000,2
CHL,COP6,2000,14
CHN,COP6,2000,28
COL,COP6,2000,16
COM,COP6,2000,2
COG,COP6,2000,2
COK,COP6,2000,5
CRI,COP6,2000,17
CIV,COP6,2000,5
HRV,COP6,2000,7
CUB,COP6,2000,5
CYP,COP6,2000,4
CZE,COP6,2000,12
ZAR,COP6,2000,3
DNK,COP6,2000,39
DJI,COP6,2000,2
DMA,COP6,2000,0
DOM,COP6,2000,4
ECU,COP6,2000,13
EGY,COP6,2000,11
SLV,COP6,2000,9
GNQ,COP6,2000,0
ERI,COP6,2000,2
EST,COP6,2000,3
ETH,COP6,2000,5
FJI,COP6,2000,3
FIN,COP6,2000,43
FRA,COP6,2000,72
GAB,COP6,2000,2
GMB,COP6,2000,6
GEO,COP6,2000,5
DEU,COP6,2000,74
GHA,COP6,2000,8
GRC,COP6,2000,16
GRD,COP6,2000,3
GTM,COP6,2000,8
GIN,COP6,2000,2
GNB,COP6,2000,3
GUY,COP6,2000,4
HTI,COP6,2000,3
HND,COP6,2000,17
HUN,COP6,2000,12
ISL,COP6,2000,10
IND,COP6,2000,12
IDN,COP6,2000,26
IRN,COP6,2000,21
IRQ,COP6,2000,0
IRL,COP6,2000,19
ISR,COP6,2000,9
ITA,COP6,2000,42
JAM,COP6,2000,10
JPN,COP6,2000,69
JOR,COP6,2000,4
KAZ,COP6,2000,9
KEN,COP6,2000,14
KIR,COP6,2000,4
KWT,COP6,2000,15
KGZ,COP6,2000,3
LAO,COP6,2000,1
LVA,COP6,2000,7
LBN,COP6,2000,2
LSO,COP6,2000,2
LBR,COP6,2000,0
LBY,COP6,2000,8
LIE,COP6,2000,1
LTU,COP6,2000,3
LUX,COP6,2000,6
MKD,COP6,2000,0
MDG,COP6,2000,3
MWI,COP6,2000,3
MYS,COP6,2000,11
MDV,COP6,2000,4
MLI,COP6,2000,3
MLT,COP6,2000,5
MHL,COP6,2000,2
MRT,COP6,2000,2
MUS,COP6,2000,3
MEX,COP6,2000,35
FSM,COP6,2000,12
MCO,COP6,2000,2
MNG,COP6,2000,7
MNE,COP6,2000,0
MAR,COP6,2000,27
MOZ,COP6,2000,5
MMR,COP6,2000,3
NAM,COP6,2000,3
NRU,COP6,2000,2
NPL,COP6,2000,0
NLD,COP6,2000,52
NZL,COP6,2000,29
NIC,COP6,2000,6
NER,COP6,2000,4
NGA,COP6,2000,15
NOR,COP6,2000,29
OMN,COP6,2000,3
PAK,COP6,2000,4
PLW,COP6,2000,4
PAN,COP6,2000,7
PNG,COP6,2000,9
PRY,COP6,2000,14
PER,COP6,2000,20
PHL,COP6,2000,13
POL,COP6,2000,32
PRT,COP6,2000,28
QAT,COP6,2000,7
KOR,COP6,2000,23
MDA,COP6,2000,4
ROM,COP6,2000,9
RUS,COP6,2000,20
RWA,COP6,2000,2
KNA,COP6,2000,0
LCA,COP6,2000,4
VCT,COP6,2000,1
WSM,COP6,2000,8
SMR,COP6,2000,0
STP,COP6,2000,3
SAU,COP6,2000,21
SEN,COP6,2000,11
SCG,COP6,2000,0
SYC,COP6,2000,2
SLE,COP6,2000,3
SGP,COP6,2000,4
SVK,COP6,2000,4
SVN,COP6,2000,10
SLB,COP6,2000,5
SOM,COP6,2000,0
ZAF,COP6,2000,14
ESP,COP6,2000,29
LKA,COP6,2000,3
SDN,COP6,2000,7
SUR,COP6,2000,8
SWZ,COP6,2000,4
SWE,COP6,2000,45
CHE,COP6,2000,20
SYR,COP6,2000,5
TJK,COP6,2000,2
THA,COP6,2000,11
TMP,COP6,2000,0
TGO,COP6,2000,4
TON,COP6,2000,3
TTO,COP6,2000,2
TUN,COP6,2000,13
TUR,COP6,2000,0
TKM,COP6,2000,2
TUV,COP6,2000,3
UGA,COP6,2000,10
UKR,COP6,2000,13
ARE,COP6,2000,9
GBR,COP6,2000,41
TZA,COP6,2000,10
USA,COP6,2000,99
URY,COP6,2000,11
UZB,COP6,2000,2
VUT,COP6,2000,7
VEN,COP6,2000,12
VNM,COP6,2000,5
YEM,COP6,2000,4
ZMB,COP6,2000,5
ZWE,COP6,2000,3
AFG,COP7,2001,0
ALB,COP7,2001,1
DZA,COP7,2001,8
AGO,COP7,2001,5
ATG,COP7,2001,3
ARG,COP7,2001,5
ARM,COP7,2001,2
AUS,COP7,2001,16
AUT,COP7,2001,21
AZE,COP7,2001,1
BHS,COP7,2001,2
BHR,COP7,2001,7
BGD,COP7,2001,3
BRB,COP7,2001,2
BLR,COP7,2001,2
BEL,COP7,2001,68
BLZ,COP7,2001,0
BEN,COP7,2001,4
BTN,COP7,2001,4
BOL,COP7,2001,4
BIH,COP7,2001,9
BWA,COP7,2001,4
BRA,COP7,2001,40
BRN,COP7,2001,0
BGR,COP7,2001,2
BFA,COP7,2001,4
BDI,COP7,2001,2
CPV,COP7,2001,0
KHM,COP7,2001,1
CMR,COP7,2001,5
CAN,COP7,2001,46
CAF,COP7,2001,3
TCD,COP7,2001,2
CHL,COP7,2001,6
CHN,COP7,2001,30
COL,COP7,2001,4
COM,COP7,2001,2
COG,COP7,2001,4
COK,COP7,2001,1
CRI,COP7,2001,5
CIV,COP7,2001,4
HRV,COP7,2001,5
CUB,COP7,2001,3
CYP,COP7,2001,2
CZE,COP7,2001,4
ZAR,COP7,2001,2
DNK,COP7,2001,31
DJI,COP7,2001,4
DMA,COP7,2001,1
DOM,COP7,2001,1
ECU,COP7,2001,4
EGY,COP7,2001,3
SLV,COP7,2001,4
GNQ,COP7,2001,0
ERI,COP7,2001,1
EST,COP7,2001,1
ETH,COP7,2001,3
FJI,COP7,2001,0
FIN,COP7,2001,33
FRA,COP7,2001,58
GAB,COP7,2001,2
GMB,COP7,2001,6
GEO,COP7,2001,5
DEU,COP7,2001,56
GHA,COP7,2001,2
GRC,COP7,2001,7
GRD,COP7,2001,1
GTM,COP7,2001,5
GIN,COP7,2001,3
GNB,COP7,2001,1
GUY,COP7,2001,1
HTI,COP7,2001,2
HND,COP7,2001,6
HUN,COP7,2001,10
ISL,COP7,2001,7
IND,COP7,2001,14
IDN,COP7,2001,34
IRN,COP7,2001,20
IRQ,COP7,2001,0
IRL,COP7,2001,13
ISR,COP7,2001,8
ITA,COP7,2001,32
JAM,COP7,2001,3
JPN,COP7,2001,97
JOR,COP7,2001,4
KAZ,COP7,2001,8
KEN,COP7,2001,7
KIR,COP7,2001,0
KWT,COP7,2001,8
KGZ,COP7,2001,1
LAO,COP7,2001,2
LVA,COP7,2001,6
LBN,COP7,2001,0
LSO,COP7,2001,3
LBR,COP7,2001,0
LBY,COP7,2001,2
LIE,COP7,2001,2
LTU,COP7,2001,1
LUX,COP7,2001,3
MKD,COP7,2001,1
MDG,COP7,2001,2
MWI,COP7,2001,4
MYS,COP7,2001,13
MDV,COP7,2001,5
MLI,COP7,2001,4
MLT,COP7,2001,0
MHL,COP7,2001,5
MRT,COP7,2001,3
MUS,COP7,2001,2
MEX,COP7,2001,32
FSM,COP7,2001,0
MCO,COP7,2001,3
MNG,COP7,2001,2
MNE,COP7,2001,0
MAR,COP7,2001,115
MOZ,COP7,2001,3
MMR,COP7,2001,1
NAM,COP7,2001,5
NRU,COP7,2001,2
NPL,COP7,2001,4
NLD,COP7,2001,28
NZL,COP7,2001,20
NIC,COP7,2001,2
NER,COP7,2001,3
NGA,COP7,2001,19
NOR,COP7,2001,29
OMN,COP7,2001,2
PAK,COP7,2001,1
PLW,COP7,2001,0
PAN,COP7,2001,5
PNG,COP7,2001,4
PRY,COP7,2001,1
PER,COP7,2001,10
PHL,COP7,2001,1
POL,COP7,2001,10
PRT,COP7,2001,19
QAT,COP7,2001,6
KOR,COP7,2001,33
MDA,COP7,2001,4
ROM,COP7,2001,2
RUS,COP7,2001,32
RWA,COP7,2001,1
KNA,COP7,2001,0
LCA,COP7,2001,1
VCT,COP7,2001,0
WSM,COP7,2001,6
SMR,COP7,2001,0
STP,COP7,2001,2
SAU,COP7,2001,13
SEN,COP7,2001,15
SCG,COP7,2001,0
SYC,COP7,2001,2
SLE,COP7,2001,2
SGP,COP7,2001,3
SVK,COP7,2001,3
SVN,COP7,2001,3
SLB,COP7,2001,0
SOM,COP7,2001,0
ZAF,COP7,2001,14
ESP,COP7,2001,44
LKA,COP7,2001,1
SDN,COP7,2001,4
SUR,COP7,2001,1
SWZ,COP7,2001,1
SWE,COP7,2001,29
CHE,COP7,2001,18
SYR,COP7,2001,1
TJK,COP7,2001,2
THA,COP7,2001,15
TMP,COP7,2001,0
TGO,COP7,2001,5
TON,COP7,2001,0
TTO,COP7,2001,0
TUN,COP7,2001,11
TUR,COP7,2001,0
TKM,COP7,2001,1
TUV,COP7,2001,1
UGA,COP7,2001,9
UKR,COP7,2001,11
ARE,COP7,2001,12
GBR,COP7,2001,37
TZA,COP7,2001,4
USA,COP7,2001,39
URY,COP7,2001,6
UZB,COP7,2001,1
VUT,COP7,2001,2
VEN,COP7,2001,11
VNM,COP7,2001,2
YEM,COP7,2001,2
ZMB,COP7,2001,4
ZWE,COP7,2001,3
AFG,COP8,2002,0
ALB,COP8,2002,1
DZA,COP8,2002,6
AGO,COP8,2002,2
ATG,COP8,2002,2
ARG,COP8,2002,4
ARM,COP8,2002,1
AUS,COP8,2002,26
AUT,COP8,2002,16
AZE,COP8,2002,1
BHS,COP8,2002,2
BHR,COP8,2002,0
BGD,COP8,2002,12
BRB,COP8,2002,1
BLR,COP8,2002,4
BEL,COP8,2002,25
BLZ,COP8,2002,1
BEN,COP8,2002,4
BTN,COP8,2002,7
BOL,COP8,2002,3
BIH,COP8,2002,8
BWA,COP8,2002,3
BRA,COP8,2002,30
BRN,COP8,2002,0
BGR,COP8,2002,5
BFA,COP8,2002,2
BDI,COP8,2002,2
CPV,COP8,2002,0
KHM,COP8,2002,2
CMR,COP8,2002,0
CAN,COP8,2002,54
CAF,COP8,2002,2
TCD,COP8,2002,2
CHL,COP8,2002,10
CHN,COP8,2002,33
COL,COP8,2002,5
COM,COP8,2002,1
COG,COP8,2002,1
COK,COP8,2002,3
CRI,COP8,2002,7
CIV,COP8,2002,4
HRV,COP8,2002,5
CUB,COP8,2002,4
CYP,COP8,2002,2
CZE,COP8,2002,7
ZAR,COP8,2002,2
DNK,COP8,2002,39
DJI,COP8,2002,2
DMA,COP8,2002,1
DOM,COP8,2002,3
ECU,COP8,2002,4
EGY,COP8,2002,12
SLV,COP8,2002,1
GNQ,COP8,2002,0
ERI,COP8,2002,1
EST,COP8,2002,3
ETH,COP8,2002,3
FJI,COP8,2002,2
FIN,COP8,2002,29
FRA,COP8,2002,36
GAB,COP8,2002,0
GMB,COP8,2002,4
GEO,COP8,2002,2
DEU,COP8,2002,54
GHA,COP8,2002,2
GRC,COP8,2002,14
GRD,COP8,2002,2
GTM,COP8,2002,2
GIN,COP8,2002,2
GNB,COP8,2002,3
GUY,COP8,2002,1
HTI,COP8,2002,1
HND,COP8,2002,2
HUN,COP8,2002,3
ISL,COP8,2002,1
IND,COP8,2002,52
IDN,COP8,2002,21
IRN,COP8,2002,11
IRQ,COP8,2002,0
IRL,COP8,2002,10
ISR,COP8,2002,2
ITA,COP8,2002,26
JAM,COP8,2002,2
JPN,COP8,2002,73
JOR,COP8,2002,3
KAZ,COP8,2002,7
KEN,COP8,2002,9
KIR,COP8,2002,4
KWT,COP8,2002,11
KGZ,COP8,2002,0
LAO,COP8,2002,2
LVA,COP8,2002,6
LBN,COP8,2002,0
LSO,COP8,2002,2
LBR,COP8,2002,0
LBY,COP8,2002,6
LIE,COP8,2002,0
LTU,COP8,2002,1
LUX,COP8,2002,3
MKD,COP8,2002,0
MDG,COP8,2002,2
MWI,COP8,2002,2
MYS,COP8,2002,15
MDV,COP8,2002,3
MLI,COP8,2002,5
MLT,COP8,2002,0
MHL,COP8,2002,0
MRT,COP8,2002,1
MUS,COP8,2002,4
MEX,COP8,2002,25
FSM,COP8,2002,6
MCO,COP8,2002,1
MNG,COP8,2002,2
MNE,COP8,2002,0
MAR,COP8,2002,13
MOZ,COP8,2002,5
MMR,COP8,2002,1
NAM,COP8,2002,6
NRU,COP8,2002,1
NPL,COP8,2002,4
NLD,COP8,2002,25
NZL,COP8,2002,15
NIC,COP8,2002,1
NER,COP8,2002,5
NGA,COP8,2002,8
NOR,COP8,2002,24
OMN,COP8,2002,8
PAK,COP8,2002,4
PLW,COP8,2002,3
PAN,COP8,2002,3
PNG,COP8,2002,6
PRY,COP8,2002,0
PER,COP8,2002,5
PHL,COP8,2002,11
POL,COP8,2002,7
PRT,COP8,2002,11
QAT,COP8,2002,5
KOR,COP8,2002,28
MDA,COP8,2002,2
ROM,COP8,2002,2
RUS,COP8,2002,15
RWA,COP8,2002,3
KNA,COP8,2002,0
LCA,COP8,2002,1
VCT,COP8,2002,0
WSM,COP8,2002,3
SMR,COP8,2002,0
STP,COP8,2002,2
SAU,COP8,2002,18
SEN,COP8,2002,13
SCG,COP8,2002,0
SYC,COP8,2002,1
SLE,COP8,2002,4
SGP,COP8,2002,7
SVK,COP8,2002,4
SVN,COP8,2002,3
SLB,COP8,2002,0
SOM,COP8,2002,0
ZAF,COP8,2002,13
ESP,COP8,2002,24
LKA,COP8,2002,9
SDN,COP8,2002,5
SUR,COP8,2002,1
SWZ,COP8,2002,0
SWE,COP8,2002,22
CHE,COP8,2002,18
SYR,COP8,2002,2
TJK,COP8,2002,7
THA,COP8,2002,19
TMP,COP8,2002,0
TGO,COP8,2002,4
TON,COP8,2002,2
TTO,COP8,2002,3
TUN,COP8,2002,8
TUR,COP8,2002,0
TKM,COP8,2002,0
TUV,COP8,2002,2
UGA,COP8,2002,9
UKR,COP8,2002,7
ARE,COP8,2002,11
GBR,COP8,2002,43
TZA,COP8,2002,4
USA,COP8,2002,45
URY,COP8,2002,6
UZB,COP8,2002,1
VUT,COP8,2002,2
VEN,COP8,2002,6
VNM,COP8,2002,3
YEM,COP8,2002,4
ZMB,COP8,2002,2
ZWE,COP8,2002,4
AFG,COP9,2003,0
ALB,COP9,2003,2
DZA,COP9,2003,14
AGO,COP9,2003,5
ATG,COP9,2003,2
ARG,COP9,2003,8
ARM,COP9,2003,2
AUS,COP9,2003,27
AUT,COP9,2003,26
AZE,COP9,2003,3
BHS,COP9,2003,1
BHR,COP9,2003,0
BGD,COP9,2003,11
BRB,COP9,2003,2
BLR,COP9,2003,1
BEL,COP9,2003,37
BLZ,COP9,2003,2
BEN,COP9,2003,4
BTN,COP9,2003,7
BOL,COP9,2003,7
BIH,COP9,2003,5
BWA,COP9,2003,0
BRA,COP9,2003,55
BRN,COP9,2003,0
BGR,COP9,2003,4
BFA,COP9,2003,4
BDI,COP9,2003,2
CPV,COP9,2003,0
KHM,COP9,2003,1
CMR,COP9,2003,0
CAN,COP9,2003,66
CAF,COP9,2003,2
TCD,COP9,2003,1
CHL,COP9,2003,13
CHN,COP9,2003,34
COL,COP9,2003,6
COM,COP9,2003,1
COG,COP9,2003,9
COK,COP9,2003,3
CRI,COP9,2003,5
CIV,COP9,2003,6
HRV,COP9,2003,5
CUB,COP9,2003,4
CYP,COP9,2003,2
CZE,COP9,2003,6
ZAR,COP9,2003,2
DNK,COP9,2003,21
DJI,COP9,2003,1
DMA,COP9,2003,0
DOM,COP9,2003,2
ECU,COP9,2003,1
EGY,COP9,2003,6
SLV,COP9,2003,0
GNQ,COP9,2003,0
ERI,COP9,2003,0
EST,COP9,2003,4
ETH,COP9,2003,0
FJI,COP9,2003,1
FIN,COP9,2003,31
FRA,COP9,2003,56
GAB,COP9,2003,0
GMB,COP9,2003,4
GEO,COP9,2003,7
DEU,COP9,2003,61
GHA,COP9,2003,8
GRC,COP9,2003,15
GRD,COP9,2003,0
GTM,COP9,2003,2
GIN,COP9,2003,2
GNB,COP9,2003,4
GUY,COP9,2003,0
HTI,COP9,2003,1
HND,COP9,2003,2
HUN,COP9,2003,18
ISL,COP9,2003,5
IND,COP9,2003,26
IDN,COP9,2003,28
IRN,COP9,2003,6
IRQ,COP9,2003,0
IRL,COP9,2003,29
ISR,COP9,2003,3
ITA,COP9,2003,179
JAM,COP9,2003,1
JPN,COP9,2003,76
JOR,COP9,2003,2
KAZ,COP9,2003,7
KEN,COP9,2003,9
KIR,COP9,2003,4
KWT,COP9,2003,8
KGZ,COP9,2003,3
LAO,COP9,2003,3
LVA,COP9,2003,3
LBN,COP9,2003,0
LSO,COP9,2003,2
LBR,COP9,2003,0
LBY,COP9,2003,4
LIE,COP9,2003,2
LTU,COP9,2003,1
LUX,COP9,2003,3
MKD,COP9,2003,4
MDG,COP9,2003,2
MWI,COP9,2003,10
MYS,COP9,2003,20
MDV,COP9,2003,3
MLI,COP9,2003,7
MLT,COP9,2003,0
MHL,COP9,2003,2
MRT,COP9,2003,2
MUS,COP9,2003,2
MEX,COP9,2003,13
FSM,COP9,2003,11
MCO,COP9,2003,3
MNG,COP9,2003,0
MNE,COP9,2003,0
MAR,COP9,2003,27
MOZ,COP9,2003,3
MMR,COP9,2003,1
NAM,COP9,2003,7
NRU,COP9,2003,0
NPL,COP9,2003,1
NLD,COP9,2003,36
NZL,COP9,2003,16
NIC,COP9,2003,6
NER,COP9,2003,5
NGA,COP9,2003,13
NOR,COP9,2003,21
OMN,COP9,2003,6
PAK,COP9,2003,2
PLW,COP9,2003,2
PAN,COP9,2003,7
PNG,COP9,2003,4
PRY,COP9,2003,0
PER,COP9,2003,14
PHL,COP9,2003,15
POL,COP9,2003,6
PRT,COP9,2003,9
QAT,COP9,2003,5
KOR,COP9,2003,39
MDA,COP9,2003,2
ROM,COP9,2003,8
RUS,COP9,2003,34
RWA,COP9,2003,3
KNA,COP9,2003,0
LCA,COP9,2003,1
VCT,COP9,2003,0
WSM,COP9,2003,10
SMR,COP9,2003,0
STP,COP9,2003,1
SAU,COP9,2003,16
SEN,COP9,2003,8
SCG,COP9,2003,7
SYC,COP9,2003,1
SLE,COP9,2003,2
SGP,COP9,2003,4
SVK,COP9,2003,6
SVN,COP9,2003,2
SLB,COP9,2003,1
SOM,COP9,2003,0
ZAF,COP9,2003,19
ESP,COP9,2003,36
LKA,COP9,2003,2
SDN,COP9,2003,4
SUR,COP9,2003,1
SWZ,COP9,2003,1
SWE,COP9,2003,38
CHE,COP9,2003,11
SYR,COP9,2003,4
TJK,COP9,2003,3
THA,COP9,2003,19
TMP,COP9,2003,0
TGO,COP9,2003,4
TON,COP9,2003,0
TTO,COP9,2003,3
TUN,COP9,2003,6
TUR,COP9,2003,0
TKM,COP9,2003,1
TUV,COP9,2003,4
UGA,COP9,2003,6
UKR,COP9,2003,5
ARE,COP9,2003,18
GBR,COP9,2003,38
TZA,COP9,2003,9
USA,COP9,2003,95
URY,COP9,2003,5
UZB,COP9,2003,1
VUT,COP9,2003,2
VEN,COP9,2003,7
VNM,COP9,2003,3
YEM,COP9,2003,5
ZMB,COP9,2003,2
ZWE,COP9,2003,5